tCluster30932.faa_220,tCluster18162.faa_922,tCluster47423.faa_311,tCluster22988.faa_711,tCluster17996.faa_857,tCluster2182.faa_1961,tCluster31441.faa_135,tCluster24010.faa_319,tCluster57479.faa_171,tCluster8934.faa_401,tCluster55136.faa_49,tCluster19573.faa_911,tCluster61267.faa_185,tCluster50952.faa_77,tCluster4217.faa_1235,tCluster56899.faa_209,tCluster30932.faa_467,tCluster29121.faa_767,tCluster8504.faa_808,tCluster18061.faa_992,tCluster21010.faa_787,tCluster21301.faa_402,tCluster5198.faa_701,tCluster31810.faa_321,tCluster58523.faa_197,tCluster62772.faa_38,tCluster57501.faa_218,tCluster70312.faa_125,tCluster29896.faa_477,tCluster71235.faa_55,tCluster17070.faa_602,tCluster755.faa_155,tCluster44139.faa_287,tCluster76614.faa_19,tCluster35578.faa_324,tCluster10448.faa_746,tCluster62904.faa_99,tCluster71555.faa_70,tCluster5054.faa_1620,resistant_phenotype
0,0,0,0,2,0,5,3,0,0,2,0,5,0,0,5,0,0,4,0,0,5,0,0,0,0,0,0,0,0,0,4,4,0,0,0,0,0,0,1
0,0,0,0,2,0,5,3,0,0,0,0,0,0,0,5,0,0,4,0,4,5,0,0,0,0,0,0,0,0,0,4,4,0,0,0,0,0,0,1
0,0,0,0,5,0,5,2,0,0,0,0,0,0,0,5,0,0,4,0,4,5,0,0,0,0,0,0,5,0,0,4,3,0,0,0,0,0,0,1
0,0,0,0,5,0,5,2,0,0,0,0,0,0,0,5,0,4,4,0,4,5,0,0,4,0,0,0,0,0,0,4,3,0,0,0,0,0,0,1
0,0,0,0,5,0,5,2,0,0,0,0,5,0,0,5,0,0,4,0,4,5,0,0,4,0,0,0,0,0,0,4,3,0,0,0,0,0,0,1
0,0,0,0,5,0,5,2,0,0,0,0,0,0,0,5,0,0,4,0,4,5,0,0,0,0,0,0,0,0,0,4,3,0,0,0,0,0,0,1
0,0,0,0,5,0,5,2,0,0,0,0,0,0,0,5,0,0,4,0,4,5,0,0,0,0,0,0,0,0,0,4,3,0,0,0,0,0,0,1
0,0,0,0,5,0,5,2,0,0,0,0,0,0,0,5,0,0,4,0,4,5,0,0,0,0,0,0,0,0,0,4,3,0,0,0,0,0,0,1
0,0,0,0,5,0,5,2,3,0,0,0,0,0,0,5,0,0,4,0,4,5,0,4,0,0,0,0,0,0,0,4,3,0,0,0,0,0,0,1
0,0,0,0,5,0,5,2,3,0,0,0,0,0,0,5,0,0,4,0,4,5,0,4,0,0,0,0,0,0,0,4,3,0,0,0,0,0,0,1
0,0,0,0,2,0,5,3,0,0,5,0,0,0,0,5,0,0,4,0,4,5,0,0,4,0,0,0,0,0,0,4,3,0,0,0,0,0,0,1
0,0,0,0,5,0,5,2,0,0,0,0,0,0,0,5,0,0,4,0,4,5,0,0,0,0,0,0,0,0,0,4,3,0,0,0,0,0,0,1
0,0,4,0,2,0,5,3,0,4,0,0,0,0,0,5,0,0,0,0,4,5,0,4,0,0,0,0,0,0,0,4,3,0,0,0,0,0,0,1
0,0,4,0,5,0,5,2,0,4,0,0,0,0,0,5,0,0,0,0,4,5,0,0,0,0,0,0,0,0,0,4,3,0,0,0,0,0,0,1
0,0,4,5,2,0,5,3,0,4,0,0,0,0,0,5,0,0,0,0,4,5,0,0,0,0,0,0,0,0,0,4,3,0,0,0,0,0,5,1
0,0,4,0,5,0,5,3,0,4,0,0,0,0,0,5,0,0,0,0,4,5,0,0,0,0,0,0,0,0,0,4,3,0,0,0,0,0,0,1
0,0,4,0,2,0,5,3,0,4,0,0,0,0,0,5,0,0,0,0,2,5,0,0,0,0,0,0,0,0,0,4,4,0,0,0,0,0,0,1
0,0,4,0,5,0,5,2,0,4,0,0,0,0,0,5,0,0,0,0,4,5,0,0,0,0,0,0,0,0,0,4,3,0,0,0,0,0,0,1
0,0,4,0,5,0,5,3,0,4,0,0,0,0,0,5,0,0,0,0,4,5,0,0,0,0,0,0,0,0,0,4,3,0,0,0,0,0,0,1
0,0,4,0,2,0,5,3,0,4,5,0,5,0,0,5,0,0,0,0,4,5,0,0,0,0,0,0,0,0,0,4,3,0,0,0,0,0,0,1
0,0,0,0,2,0,5,3,0,4,0,5,0,0,0,5,0,0,0,0,4,5,0,3,0,0,0,0,0,0,0,4,3,0,0,0,0,0,0,1
0,4,4,0,2,0,5,3,0,4,0,0,0,0,0,5,0,0,0,0,4,5,0,0,4,0,0,0,0,0,0,4,3,0,0,0,0,0,0,1
0,0,0,0,2,0,5,3,0,4,0,0,0,0,0,5,0,0,0,0,4,5,0,3,0,0,0,0,0,0,0,4,3,0,0,0,0,0,0,1
0,0,4,0,2,0,5,3,0,4,0,0,0,0,0,5,0,4,0,0,4,5,0,4,0,0,0,0,0,0,0,3,3,0,0,0,0,0,0,1
0,0,4,0,2,0,5,3,0,4,0,0,0,0,0,5,0,0,0,0,4,5,0,0,4,0,0,0,0,0,0,4,3,0,0,0,2,0,0,1
0,0,4,0,5,0,5,3,0,4,0,0,0,0,0,5,0,0,0,0,4,5,0,0,4,0,0,0,0,0,0,4,3,0,0,0,0,0,0,1
0,0,4,0,2,0,5,3,0,4,0,0,0,0,0,5,0,0,0,0,4,5,0,4,0,0,0,0,0,0,0,4,3,0,0,0,0,0,4,1
0,0,4,0,5,0,5,3,0,4,0,0,0,0,0,5,0,0,0,5,4,5,0,0,4,0,0,0,0,0,0,4,3,0,0,0,0,0,0,1
0,0,4,5,2,0,5,3,3,4,0,0,0,0,0,5,0,0,0,0,4,5,0,4,4,0,0,0,0,0,0,4,3,0,0,0,0,0,4,1
0,0,4,0,5,3,5,2,0,4,0,0,0,0,0,5,0,0,0,0,4,5,0,0,0,0,0,0,0,0,0,4,3,0,0,0,0,0,0,1
0,0,4,0,2,0,5,3,0,4,5,0,0,0,0,5,0,0,0,0,4,5,0,0,0,0,0,0,0,0,0,4,3,0,0,0,0,0,4,1
0,0,4,0,2,0,5,3,0,4,5,0,0,0,0,5,0,0,0,0,4,5,0,0,0,0,0,0,0,0,0,4,0,0,0,0,0,0,0,1
0,0,4,0,2,0,5,3,0,4,0,0,0,0,0,5,0,0,0,0,4,5,0,0,0,0,0,0,0,0,0,4,3,0,0,0,0,0,0,1
0,0,4,0,5,0,5,2,3,4,0,0,0,0,0,5,0,0,0,0,4,5,0,4,0,0,0,0,0,0,0,4,3,0,0,0,0,0,4,1
0,0,4,0,5,0,5,2,0,4,0,0,0,0,0,5,0,0,0,0,4,5,0,4,0,0,0,0,0,0,0,4,3,0,0,0,0,0,5,1
0,0,4,0,5,0,5,3,0,4,0,0,0,0,0,5,0,0,0,0,4,5,0,0,0,0,0,0,0,0,0,4,3,0,0,0,0,0,0,1
0,0,4,0,5,0,5,3,0,4,0,0,0,0,0,5,0,0,0,0,4,5,0,0,0,0,0,0,0,0,0,4,3,0,0,0,2,0,0,1
0,0,4,0,5,0,5,2,0,4,0,0,0,0,0,5,0,0,0,0,4,5,0,4,0,0,0,0,0,0,0,4,3,0,0,0,0,0,4,1
0,0,4,0,2,0,5,3,0,4,0,0,0,0,3,5,0,0,0,0,4,5,0,0,0,0,0,0,5,0,0,4,3,0,0,0,0,0,0,1
0,0,4,0,5,0,5,3,0,4,0,5,5,0,0,5,0,0,0,0,4,5,0,0,4,0,0,0,0,0,0,4,3,0,0,0,0,0,0,1
0,0,4,0,2,0,5,3,0,4,0,0,0,0,3,5,0,0,0,0,4,5,0,0,0,0,0,0,0,0,0,4,3,0,0,0,0,0,0,1
0,0,4,0,2,0,5,3,0,4,0,0,0,0,0,5,0,0,0,0,4,5,0,0,0,0,0,0,0,0,0,4,3,0,0,0,0,0,0,1
0,0,4,0,2,0,5,3,0,4,0,0,0,0,0,5,0,0,0,0,4,5,0,0,0,0,0,0,0,0,0,4,3,0,0,0,0,0,0,1
0,0,4,0,2,0,5,3,0,4,0,0,0,0,0,5,0,0,0,0,4,5,0,0,0,0,0,0,0,0,0,4,3,0,0,0,0,0,0,1
0,0,4,0,5,0,5,2,0,4,0,0,0,0,0,5,0,0,0,0,4,5,0,0,0,0,0,0,0,0,0,4,3,0,0,5,0,0,0,1
0,0,4,0,5,0,5,2,0,4,0,0,0,0,0,5,0,4,0,0,4,5,0,4,4,0,0,0,0,0,0,4,3,0,0,0,0,0,0,1
0,0,4,0,2,0,5,3,0,4,2,0,0,0,0,5,0,4,0,0,4,5,0,4,0,0,0,0,0,0,0,4,3,0,0,0,0,0,0,1
0,0,4,0,5,3,5,2,0,4,0,0,0,0,0,5,0,0,0,0,4,5,0,0,0,0,0,0,0,0,0,4,3,0,0,0,0,0,0,1
0,0,4,0,2,0,5,3,4,4,0,0,3,0,4,5,0,0,0,0,4,5,0,4,0,0,0,0,0,0,0,4,3,0,0,0,0,0,0,1
0,0,4,0,5,0,5,3,0,4,0,0,0,0,0,5,0,0,0,0,4,5,0,0,4,0,0,0,0,0,0,4,3,0,0,0,0,0,0,1
0,0,4,0,2,0,5,3,0,4,5,0,0,0,0,5,0,0,0,0,4,5,0,0,4,0,0,0,0,0,0,4,3,0,0,0,0,0,0,1
0,0,4,0,5,0,5,2,0,4,0,0,0,0,0,5,0,0,0,0,4,5,0,0,0,0,0,0,0,0,0,4,3,0,0,0,0,0,0,1
0,0,4,0,5,0,5,2,0,4,0,0,0,0,0,5,0,0,0,0,4,5,0,0,0,0,0,0,0,0,0,4,3,0,0,0,0,0,0,1
0,0,4,0,5,0,5,3,0,4,0,0,5,0,0,5,0,0,0,0,4,5,0,0,4,0,0,0,0,0,0,4,3,0,0,0,0,0,0,1
0,0,4,0,5,0,5,2,0,4,0,0,0,0,0,5,0,0,0,0,4,5,0,4,0,0,0,0,0,0,0,4,3,0,0,0,0,0,0,1
0,0,4,0,2,0,5,3,0,4,0,0,5,0,3,5,0,0,0,0,4,5,0,0,0,0,0,0,0,0,0,4,3,0,0,0,0,0,4,1
0,0,0,0,2,0,5,3,0,0,5,0,0,0,0,5,0,0,4,0,4,5,0,0,0,0,0,0,0,0,0,4,3,0,0,0,0,0,5,1
0,0,0,0,5,0,5,2,0,0,0,0,0,0,0,5,0,4,4,0,4,5,0,0,0,0,0,0,0,0,0,4,3,0,0,0,0,0,0,1
0,0,0,0,0,0,5,3,0,0,0,0,5,0,0,5,0,3,4,0,4,5,0,0,0,0,0,0,0,0,0,4,3,0,0,0,0,0,0,1
0,0,0,0,2,0,5,3,0,0,5,0,0,0,0,5,0,0,4,0,4,5,0,0,0,0,0,0,0,0,0,4,3,0,0,0,0,0,4,1
0,0,0,0,5,0,5,3,0,0,0,0,0,0,0,5,0,0,4,0,4,5,0,0,0,0,0,0,0,0,0,4,3,0,0,0,0,0,5,1
0,4,0,0,2,0,5,3,0,0,0,0,0,0,0,5,0,0,4,0,4,5,0,0,4,0,0,3,0,0,0,4,3,0,0,0,0,0,0,1
0,0,4,0,2,0,5,2,0,4,2,0,0,0,0,5,0,0,0,0,4,5,0,0,4,0,0,0,0,0,0,4,3,0,0,0,0,0,0,1
0,0,4,0,5,0,5,3,0,4,0,0,0,0,0,5,0,0,0,0,4,5,0,0,0,0,0,0,0,0,0,4,3,0,0,0,0,0,0,1
0,0,4,0,2,0,5,3,0,4,5,0,0,0,0,5,0,0,0,0,4,5,0,0,0,4,0,0,0,0,0,4,3,0,0,0,0,0,5,1
0,0,4,0,5,0,5,3,0,4,0,0,0,0,0,5,0,0,0,0,4,5,0,0,4,0,0,0,0,0,0,4,3,0,0,0,0,0,0,1
0,0,4,0,2,0,5,3,0,4,5,0,0,0,0,5,0,0,0,0,4,5,0,0,0,4,0,0,0,0,0,4,3,0,0,0,0,0,4,1
0,0,4,0,2,0,5,3,0,4,0,0,5,0,3,5,0,0,0,0,4,5,0,0,0,0,0,0,0,0,0,4,3,0,0,0,0,0,0,1
0,0,4,0,5,3,5,2,0,4,0,0,0,0,0,5,0,0,0,0,4,5,0,4,4,0,0,0,0,0,0,4,3,0,0,0,0,0,0,1
0,0,4,0,5,0,5,3,0,4,0,0,0,0,0,5,0,0,0,0,4,5,0,0,4,0,0,0,0,0,0,4,3,0,0,0,2,0,4,1
0,0,4,0,2,0,5,3,0,4,0,0,5,0,0,5,0,0,0,0,4,5,0,4,0,4,0,0,0,0,0,4,3,0,0,0,0,0,0,1
0,0,4,5,2,0,5,3,0,4,0,0,0,0,0,5,0,0,0,0,4,5,0,0,0,0,0,0,0,0,0,4,3,0,0,0,0,0,0,1
0,0,4,0,5,0,5,2,3,4,0,0,0,0,0,5,0,0,0,0,4,5,0,4,0,0,0,0,0,0,0,4,0,0,0,0,0,0,5,1
0,0,4,0,2,0,5,3,0,4,0,0,0,0,0,5,0,0,0,0,4,5,0,4,4,0,0,0,0,0,0,4,3,0,0,0,0,0,0,1
0,0,4,0,2,0,5,3,0,4,5,0,0,0,0,5,0,0,0,0,4,5,0,0,0,4,0,0,0,0,0,4,3,0,0,0,0,0,4,1
0,0,4,0,2,0,5,3,0,4,0,0,0,0,0,5,0,0,0,0,4,5,0,0,4,0,0,0,0,0,0,4,3,0,0,0,0,0,0,1
0,0,4,0,2,0,5,3,0,4,5,0,0,0,0,5,0,0,0,0,4,5,0,0,4,4,0,0,0,0,0,4,3,0,0,0,0,0,4,1
0,0,4,0,5,0,5,2,0,4,0,0,0,0,0,5,0,0,0,0,4,5,0,0,0,0,0,0,0,0,0,4,3,0,0,0,0,0,0,1
0,0,4,0,5,0,5,2,0,4,0,0,0,0,0,5,0,0,0,0,4,5,0,0,0,0,0,0,0,0,0,4,3,0,0,0,0,0,0,1
0,0,4,0,2,0,5,3,0,4,0,0,0,4,0,5,0,0,0,0,4,5,0,0,0,0,0,0,0,0,0,3,3,0,0,5,0,0,0,1
0,0,4,0,5,0,5,2,0,4,0,0,0,0,0,5,0,0,0,5,4,5,0,0,0,0,0,0,0,0,0,4,3,0,0,0,0,0,0,1
0,0,4,0,5,0,5,2,0,4,0,0,0,0,0,5,0,0,0,0,4,5,0,4,0,0,0,0,0,0,0,4,3,0,0,0,0,0,0,1
0,0,4,0,5,0,5,3,0,4,0,0,0,0,0,5,0,0,0,0,4,5,0,0,4,0,0,0,0,0,0,4,3,0,0,0,0,0,0,1
0,4,4,0,5,0,5,2,3,4,0,0,0,0,0,5,0,0,0,0,4,5,0,4,0,0,0,0,0,0,0,4,3,0,0,0,0,0,0,1
0,0,4,0,5,3,5,2,0,4,0,5,0,0,0,5,0,4,0,0,4,5,0,0,0,0,0,0,0,0,0,4,3,0,0,0,0,0,0,1
0,0,4,0,2,0,5,3,0,4,0,0,5,0,0,5,0,0,0,0,4,5,0,0,0,0,0,0,0,0,0,3,3,0,0,5,0,0,0,1
0,0,4,0,5,0,5,3,0,4,0,0,0,0,0,5,0,0,0,0,4,5,0,0,4,0,0,5,0,0,0,4,3,0,0,0,0,0,4,1
0,0,4,0,5,0,5,3,0,4,0,0,0,0,0,5,0,0,0,0,4,5,0,0,4,0,0,0,0,0,0,4,3,0,0,0,0,0,0,1
0,0,4,0,2,0,5,3,0,4,0,0,0,0,0,5,0,0,0,0,4,5,0,0,0,4,0,0,0,0,0,4,3,0,0,0,0,0,0,1
0,0,0,0,2,0,5,3,0,4,0,0,0,0,0,5,0,0,0,0,4,5,0,3,0,0,0,0,0,0,0,4,3,0,0,0,0,0,0,1
0,0,4,0,2,0,5,3,0,4,0,0,5,0,0,5,0,0,0,0,4,5,0,4,4,0,0,0,0,0,0,4,3,0,0,0,0,0,0,1
0,0,4,0,2,0,5,3,0,4,5,0,0,0,0,5,0,0,0,0,4,5,0,0,0,4,0,0,0,0,0,4,3,0,0,0,0,0,4,1
0,0,4,0,2,0,5,3,0,4,0,0,0,4,0,5,0,0,0,0,4,5,0,0,4,0,0,0,0,0,0,4,3,0,0,0,0,0,0,1
0,0,4,5,2,0,5,3,0,4,0,0,0,0,0,5,0,0,0,0,4,5,0,4,0,4,0,0,0,0,0,4,3,0,0,0,0,0,0,1
0,0,0,0,5,0,5,2,0,0,0,0,0,0,0,5,0,0,4,0,4,5,0,4,0,0,0,0,0,0,0,4,3,0,0,0,0,0,0,1
0,0,0,0,5,0,5,3,0,0,0,0,0,0,0,5,0,0,4,0,2,5,0,4,4,0,0,0,0,0,0,4,3,0,0,0,0,0,0,1
0,0,0,0,5,0,5,3,0,0,0,0,5,0,0,5,0,0,4,0,4,5,0,0,4,0,4,0,0,0,0,4,3,0,0,0,0,0,0,1
0,0,0,0,5,0,5,3,0,0,2,0,0,0,0,5,0,0,4,0,0,5,0,0,0,0,0,0,0,0,0,0,3,0,0,0,0,0,4,1
0,0,0,0,5,0,2,3,0,0,0,0,0,0,0,2,0,0,4,0,4,5,0,0,0,0,0,0,0,0,0,4,3,0,0,0,0,0,0,1
0,0,0,0,2,0,5,3,0,0,0,0,0,0,0,5,0,0,4,0,4,5,0,0,0,0,0,0,0,0,0,4,3,0,0,0,0,0,0,1
0,0,0,5,2,0,5,3,0,0,5,0,0,0,0,5,0,0,4,0,4,5,0,0,0,0,0,0,0,0,0,4,3,0,0,0,0,0,0,1
0,0,0,0,2,0,5,3,0,0,0,0,0,0,0,5,0,0,4,0,4,5,0,0,0,0,0,0,0,0,0,3,3,0,0,5,0,0,0,1
0,0,0,0,5,0,5,2,0,0,0,0,0,0,0,5,0,0,4,0,4,5,0,0,0,0,0,0,0,0,0,4,3,0,0,0,0,0,0,1
0,0,0,0,2,0,5,3,0,0,0,0,0,0,0,5,0,0,4,0,4,5,0,0,0,0,0,0,0,0,0,4,3,0,0,0,0,0,0,1
0,0,0,0,5,0,5,2,0,0,0,0,0,0,0,2,0,0,4,0,4,5,0,0,4,0,0,5,0,0,0,4,3,0,0,0,0,0,0,1
0,0,0,0,2,0,5,3,0,0,0,0,5,0,0,5,0,0,4,0,4,5,0,0,4,0,0,0,0,0,0,4,3,0,0,0,0,0,0,1
0,0,0,0,2,0,5,3,0,0,5,0,0,0,0,5,0,0,4,0,4,5,0,0,4,0,0,0,0,0,0,4,3,0,0,0,0,0,0,1
0,0,0,0,5,0,5,3,0,0,0,0,0,0,0,5,0,0,4,0,4,5,0,0,0,0,0,0,0,0,0,3,3,0,0,0,0,0,0,1
0,0,0,0,5,0,5,3,0,0,2,0,3,0,0,5,0,0,4,0,4,5,0,4,0,0,0,5,0,0,0,4,3,0,0,0,0,0,0,1
0,0,0,0,2,0,5,3,0,0,5,0,0,0,0,5,0,0,4,0,4,5,0,0,4,0,0,0,0,0,0,4,3,0,0,0,0,0,0,1
0,0,0,0,2,0,5,3,0,0,0,0,0,0,0,5,0,0,4,0,4,5,0,4,0,0,0,0,0,0,0,4,3,0,0,0,0,0,0,1
0,0,0,5,5,0,5,3,0,0,0,0,0,0,0,5,0,0,4,0,4,5,0,0,0,0,0,0,0,0,0,4,3,0,0,0,0,0,0,1
0,0,0,0,2,0,5,3,0,0,0,0,0,0,0,5,0,0,4,0,4,5,0,0,0,0,0,0,0,0,0,3,3,0,0,5,0,0,4,1
0,0,0,5,2,0,5,3,0,0,0,0,0,0,0,5,0,0,4,0,4,5,0,0,0,0,0,0,0,0,0,4,3,0,0,0,0,0,0,1
0,0,0,0,5,0,5,3,0,0,0,0,0,0,0,5,0,0,4,0,4,5,0,0,4,0,0,0,0,0,0,4,3,0,0,0,0,0,0,1
0,0,0,0,2,0,5,3,0,0,0,0,5,4,0,5,0,0,4,0,4,5,0,4,4,0,0,0,0,0,0,4,3,0,0,0,0,0,4,1
0,0,0,0,5,0,5,3,0,0,0,0,5,0,0,5,0,0,4,0,4,5,0,0,4,0,0,0,0,0,0,4,3,0,0,0,0,0,0,1
0,0,0,0,2,0,5,3,0,0,0,0,0,0,0,5,0,0,4,0,4,5,0,3,0,0,0,0,0,0,0,4,3,0,0,0,0,0,0,1
0,0,0,0,5,0,5,2,0,0,0,0,0,0,0,5,0,0,4,0,4,5,0,0,0,0,0,0,0,0,0,4,0,0,0,0,0,0,0,1
0,0,0,0,2,0,5,3,0,0,5,0,0,0,0,5,0,0,4,0,4,5,0,0,0,0,0,0,0,0,0,4,3,0,0,0,0,0,0,1
0,0,0,0,5,0,5,3,0,0,0,0,0,0,0,5,0,0,4,0,2,5,0,4,3,0,0,0,0,0,0,4,3,0,0,0,0,0,0,1
0,0,0,0,5,0,2,3,0,0,5,0,0,0,0,5,0,4,4,0,4,5,0,0,4,0,0,0,0,0,0,4,3,0,0,0,0,0,0,1
0,0,0,0,5,0,5,2,3,0,0,0,0,0,0,5,0,0,4,0,4,5,0,0,0,0,0,0,0,0,0,4,3,0,0,0,0,0,0,1
0,0,0,0,5,0,5,3,0,0,0,0,0,0,0,5,0,4,4,0,4,5,0,0,4,0,0,0,0,0,0,4,3,0,0,0,0,0,0,1
0,0,0,0,5,0,5,3,0,0,0,0,0,0,0,5,0,0,4,0,2,5,0,4,3,0,0,0,0,0,0,4,3,0,0,0,0,0,0,1
0,0,0,0,5,0,5,3,0,0,0,0,0,0,0,5,0,0,4,0,4,5,0,4,4,0,0,0,0,0,0,4,4,0,0,3,0,0,0,1
0,0,0,0,2,0,5,3,0,0,0,0,0,0,0,5,0,0,4,0,4,5,0,3,0,0,0,0,0,0,0,4,3,0,0,0,0,0,0,1
0,0,0,0,5,0,5,3,0,0,0,0,0,0,0,5,0,0,4,0,0,5,0,4,3,0,0,0,0,0,0,4,3,0,0,0,0,0,0,1
0,0,0,0,5,0,5,2,0,0,0,0,0,0,0,5,0,0,4,0,4,5,0,0,4,0,0,0,0,0,0,4,3,0,0,0,0,0,0,1
0,0,0,0,5,0,5,3,3,0,0,0,5,0,0,5,0,0,4,0,4,5,0,0,4,0,0,0,0,0,0,4,3,0,0,0,0,0,0,1
0,0,0,0,5,0,5,3,0,0,2,0,5,0,0,5,0,0,4,0,4,5,0,0,0,0,0,0,0,0,0,4,4,0,0,0,0,0,0,1
0,0,0,0,5,0,5,3,0,0,0,0,0,0,0,5,0,0,4,0,4,5,0,0,0,0,0,0,0,0,0,4,3,0,0,0,0,0,0,1
0,0,0,0,5,0,5,2,0,0,5,0,0,0,0,5,0,0,4,0,4,5,0,0,4,0,0,0,0,0,0,4,3,0,0,0,0,0,5,1
0,0,0,0,5,0,5,2,0,0,5,0,0,0,0,5,0,0,4,0,4,5,0,0,4,0,0,0,0,0,0,4,3,0,0,0,0,0,5,1
0,0,0,0,5,0,5,3,0,0,2,0,0,0,0,5,0,0,4,0,4,5,0,4,0,0,0,0,0,0,0,4,3,0,0,0,0,0,0,1
0,0,0,0,5,0,5,2,0,0,0,0,0,0,0,5,0,0,4,0,4,5,0,4,0,0,0,0,0,0,0,4,3,0,0,0,0,0,0,1
0,0,0,0,5,0,5,3,0,0,0,0,0,0,0,5,0,0,4,0,4,5,0,0,4,0,0,0,0,0,0,4,3,0,0,0,0,0,0,1
0,0,0,0,5,0,5,3,0,0,0,5,0,0,0,5,0,0,4,0,4,5,0,0,4,0,0,0,0,0,0,4,3,0,0,0,0,0,0,1
0,0,0,0,5,0,5,3,0,0,0,0,4,0,0,5,0,0,4,0,4,5,0,0,4,0,0,0,0,0,0,4,3,0,0,0,0,0,0,1
0,0,0,0,5,0,5,3,0,0,0,0,0,0,0,5,0,0,4,0,4,5,0,0,0,0,0,0,0,0,0,4,3,0,0,0,0,0,0,1
0,0,0,0,5,0,5,3,0,0,0,0,0,0,0,5,0,0,4,0,4,5,0,0,0,0,0,0,0,0,0,4,0,0,0,0,0,0,0,1
0,0,0,0,5,0,5,2,0,0,0,0,0,0,0,5,0,0,2,0,4,5,0,0,0,0,0,0,0,0,0,4,3,0,0,0,0,0,0,1
0,0,0,0,5,0,5,3,0,0,0,0,0,0,0,5,0,0,4,0,4,5,0,0,0,0,0,0,0,0,0,4,3,0,0,0,0,0,0,1
0,0,0,0,5,0,5,2,0,0,0,0,0,0,0,5,0,0,4,0,4,5,0,4,4,0,0,0,0,0,0,4,3,0,0,0,0,0,0,1
0,0,0,0,5,0,5,3,0,0,0,0,0,0,0,5,0,0,4,0,4,5,0,0,0,0,0,0,0,0,0,4,3,0,0,0,0,0,0,1
0,0,0,0,2,0,5,3,0,0,5,0,0,0,0,2,0,0,4,0,4,5,0,0,0,0,0,5,0,0,0,4,3,0,0,0,0,0,0,1
0,0,0,0,5,0,5,3,0,0,0,0,0,0,0,5,0,0,4,0,4,5,0,0,0,0,0,0,0,0,0,4,3,0,0,0,0,0,0,1
0,0,0,0,5,0,5,3,0,0,0,0,0,0,0,5,0,0,4,0,4,5,0,0,0,0,0,0,0,0,0,4,4,0,0,0,0,0,0,1
0,0,0,0,5,0,5,3,0,0,0,0,5,0,0,5,0,0,4,0,4,5,0,0,4,0,0,0,0,0,0,4,3,0,0,0,0,0,0,1
0,0,0,0,5,0,5,3,0,0,0,0,0,0,0,5,0,0,4,0,4,5,0,0,0,0,0,0,0,0,0,4,3,0,5,0,0,0,0,1
0,0,0,5,5,0,2,3,0,0,2,0,0,0,0,5,0,0,4,0,4,5,0,0,0,0,0,0,0,0,0,4,3,0,0,0,0,0,0,1
0,0,0,0,5,0,5,3,0,0,0,0,0,0,0,5,0,0,4,0,4,5,0,0,0,0,0,0,0,0,0,4,3,0,0,0,0,0,0,1
0,0,0,0,5,0,5,2,0,0,0,0,0,0,0,5,0,0,4,0,4,5,0,4,4,0,0,0,0,0,0,4,3,0,0,0,0,0,0,1
0,0,0,0,5,0,5,3,0,0,0,0,0,0,0,5,0,0,4,0,2,5,0,4,4,0,0,5,0,0,0,4,3,0,0,0,0,0,0,1
0,0,0,0,5,0,5,3,0,0,0,0,0,0,0,5,0,0,4,0,2,5,0,4,3,0,0,0,0,0,0,4,3,0,0,0,0,0,0,1
0,0,0,0,5,0,5,3,0,0,0,0,0,0,0,5,0,0,4,0,4,5,0,0,0,0,0,0,0,0,0,4,3,0,0,0,0,0,0,1
0,0,0,0,2,0,5,3,0,0,0,0,5,0,0,5,0,0,4,0,4,5,0,0,0,0,0,0,0,0,0,4,0,0,0,0,0,0,0,1
0,0,0,0,5,0,5,3,0,0,2,0,0,0,0,5,0,0,4,0,4,5,0,4,0,0,0,0,0,0,0,4,3,0,0,0,0,0,0,1
0,0,0,0,2,0,5,3,0,0,0,0,0,0,0,5,0,0,4,0,4,5,0,0,0,0,0,3,0,0,0,4,4,0,0,0,0,0,0,1
0,0,0,0,5,0,5,2,0,0,0,0,0,0,0,5,0,0,4,0,4,5,0,0,0,0,0,0,0,0,0,4,3,0,0,0,0,0,0,1
0,0,0,0,5,0,5,3,0,0,0,0,0,0,0,5,0,0,4,0,4,5,0,0,0,0,0,0,0,0,0,4,3,0,0,0,0,0,0,1
0,0,0,0,5,0,5,3,0,0,0,0,4,0,0,5,0,0,4,0,4,5,0,0,4,0,0,0,0,0,0,4,3,0,0,0,0,0,0,1
0,0,0,0,5,0,5,3,0,0,0,0,0,0,0,5,0,0,4,0,4,5,0,0,0,0,0,0,0,0,0,4,3,0,0,0,0,0,0,1
0,0,0,0,5,0,5,2,0,0,0,0,0,0,0,0,0,0,4,0,4,5,0,0,0,0,0,0,0,0,0,4,0,0,0,0,0,0,0,1
0,0,0,0,2,0,5,3,0,0,2,0,0,0,0,5,0,0,4,0,0,5,0,0,0,0,0,0,0,0,0,4,3,0,0,5,0,0,0,1
0,0,0,0,5,0,5,3,0,0,2,0,0,0,0,5,0,0,4,0,4,5,0,4,0,0,0,0,0,0,0,4,3,0,0,0,0,0,0,1
0,0,0,0,5,0,5,2,3,0,0,0,0,0,0,5,0,0,4,0,4,5,0,4,0,0,0,0,0,0,0,4,3,0,0,0,0,0,5,1
0,0,0,5,5,0,5,2,0,0,0,0,0,0,0,5,0,0,4,0,4,5,0,0,4,0,0,0,0,0,0,4,3,0,0,0,0,0,0,1
0,0,0,0,5,0,5,3,0,0,0,0,0,0,0,5,0,0,4,0,4,5,0,4,0,0,0,0,0,0,0,4,3,0,0,0,0,0,0,1
0,0,0,0,5,0,5,0,0,0,0,0,0,0,0,5,0,0,4,0,2,5,0,4,0,0,0,0,0,0,0,4,3,0,0,0,0,0,0,1
0,0,0,0,5,0,5,3,0,0,0,0,0,0,5,5,0,0,4,0,2,5,0,4,4,0,0,5,0,0,0,4,3,0,0,0,0,0,0,1
0,0,0,0,5,0,5,3,0,0,0,0,0,0,5,5,0,0,4,0,2,5,0,4,4,0,0,5,0,0,0,4,3,0,0,0,0,0,0,1
0,0,0,5,5,0,5,2,3,0,0,0,0,0,0,5,0,0,4,0,4,5,0,0,0,0,0,0,0,0,0,4,3,0,0,0,0,0,0,1
0,0,0,0,2,0,5,2,0,0,0,0,0,0,0,5,0,0,4,0,4,5,0,0,3,0,0,0,0,0,0,4,3,0,0,0,0,0,0,1
0,0,0,0,5,0,5,2,0,0,0,0,0,0,0,5,0,0,4,0,4,5,0,0,0,0,0,0,0,0,0,4,3,0,0,0,0,0,0,1
0,0,0,0,5,0,5,3,0,0,0,0,0,0,0,5,0,0,4,0,4,5,0,0,4,0,0,0,0,0,0,4,3,0,0,0,0,0,0,1
0,0,0,0,5,0,5,3,0,0,0,0,5,0,0,5,0,0,4,0,4,5,0,0,4,0,0,0,0,0,0,4,3,0,0,0,0,0,0,1
0,0,0,0,5,0,5,3,0,0,0,0,0,0,0,5,0,0,4,0,4,5,0,0,4,0,0,0,0,0,0,4,3,0,0,0,0,0,0,1
0,0,0,0,5,0,5,2,0,0,0,0,0,0,0,5,0,0,4,0,4,5,0,4,0,0,0,0,0,0,0,4,3,0,0,0,0,0,4,1
0,0,0,0,5,0,5,3,0,0,0,0,5,0,0,5,0,0,4,0,4,5,0,0,0,0,0,0,0,0,0,4,3,0,0,0,0,0,0,1
0,0,0,0,5,0,5,2,0,0,0,0,0,0,0,5,0,0,4,0,4,5,0,4,0,0,0,0,0,0,0,4,3,0,0,0,0,0,0,1
0,0,0,0,2,0,5,3,0,0,5,0,0,0,0,5,0,0,4,0,4,5,0,0,0,0,0,0,0,0,0,4,3,0,0,0,0,0,0,1
0,0,0,0,5,0,5,2,0,0,0,0,0,0,0,5,0,0,4,0,4,5,0,0,0,0,0,0,5,0,0,4,3,0,0,0,0,0,0,1
0,0,0,0,5,0,5,2,0,0,0,0,0,0,0,5,0,0,4,0,4,5,0,0,0,0,0,0,0,0,0,4,3,0,0,0,0,0,0,1
0,0,0,0,5,0,5,2,0,0,0,0,0,0,0,5,0,0,4,0,4,5,0,0,0,0,0,0,0,0,0,4,3,0,0,0,0,0,0,1
0,0,0,0,5,0,5,2,0,0,0,0,0,0,0,5,0,0,4,0,4,5,0,0,0,0,0,0,0,0,0,4,3,0,0,0,0,0,0,1
0,0,0,5,5,0,5,2,0,0,0,0,0,0,0,5,0,0,4,0,4,5,0,0,0,0,0,0,0,0,0,4,3,0,0,0,0,0,0,1
0,0,0,5,5,0,5,3,0,0,0,0,0,0,0,5,0,0,4,2,4,5,0,0,0,0,0,0,0,0,0,4,3,0,0,0,0,0,0,1
0,0,0,5,5,0,5,3,0,0,0,0,0,0,0,5,0,0,4,2,4,5,0,0,0,0,0,0,0,0,0,4,3,0,0,0,0,0,0,1
0,0,0,0,5,0,5,3,0,0,0,0,0,0,0,5,0,0,4,0,4,5,0,0,0,0,0,0,0,0,0,4,3,0,0,0,0,0,0,1
0,0,0,0,5,0,5,3,0,0,0,0,0,0,0,5,0,0,4,0,4,5,0,0,4,0,0,0,0,0,0,4,3,0,0,0,0,0,0,1
0,0,0,0,2,0,5,3,0,0,5,0,0,0,0,5,0,0,4,0,4,5,0,0,0,0,0,0,0,0,0,4,3,0,0,0,0,0,0,1
0,0,0,0,5,0,5,3,0,0,0,0,5,0,0,5,0,0,4,0,4,5,0,0,4,0,0,0,0,0,0,4,3,0,0,0,0,0,0,1
0,0,0,0,2,0,5,3,0,0,5,0,0,0,0,5,0,0,4,0,4,5,0,0,0,0,0,0,0,0,0,4,3,0,0,0,0,0,0,1
0,0,0,0,5,0,5,2,0,0,0,0,0,0,0,5,0,0,4,0,4,5,0,4,0,0,0,0,0,0,0,4,3,0,0,0,0,0,0,1
0,0,0,5,2,0,5,3,0,0,0,0,0,0,3,5,0,0,4,0,4,5,0,0,4,0,0,0,0,0,0,4,3,0,0,0,0,0,0,1
0,0,0,0,5,0,5,3,0,0,0,0,0,0,0,5,0,0,4,0,4,5,0,0,0,0,0,0,0,0,0,4,3,0,0,0,0,0,0,1
0,0,4,0,2,0,5,3,0,4,0,0,0,0,0,5,0,0,0,0,4,5,0,4,4,0,0,3,0,0,0,4,3,0,0,0,0,0,0,1
0,0,4,0,5,0,5,3,3,4,0,0,0,0,0,5,0,0,0,0,4,5,0,0,4,0,0,0,0,0,0,4,3,0,0,0,0,0,0,1
0,0,4,0,2,0,0,3,0,4,0,0,0,0,0,5,0,0,0,0,4,5,0,0,0,0,0,3,0,0,0,4,3,0,0,5,0,0,0,1
0,0,4,0,5,0,5,3,0,4,0,0,0,0,0,5,0,0,0,0,4,5,0,0,0,0,0,0,0,0,0,4,3,0,0,0,0,0,0,1
0,0,4,0,5,0,5,3,0,4,0,0,0,0,0,5,0,4,0,0,4,5,0,0,0,0,0,0,0,0,0,4,3,0,0,0,0,0,0,1
5,0,4,0,5,0,5,3,0,4,2,0,3,0,0,5,2,0,0,0,4,5,0,0,0,0,4,0,0,0,4,4,3,0,0,0,0,0,0,1
5,0,4,0,2,0,5,3,0,4,2,0,0,0,0,5,2,4,0,0,4,5,0,0,0,0,0,0,0,0,0,4,3,0,0,0,0,0,0,1
5,0,4,0,5,0,5,2,0,4,0,0,0,0,0,2,5,0,0,0,4,5,0,0,0,0,0,3,0,0,0,4,3,0,0,0,0,0,0,1
5,0,4,0,5,3,5,3,0,4,2,0,5,0,0,5,5,4,0,0,4,5,0,0,4,0,0,0,0,0,0,4,3,0,0,0,0,0,0,1
0,4,4,0,2,0,5,3,0,4,5,0,5,0,0,5,0,4,0,0,4,5,0,0,4,0,0,0,0,0,0,4,3,0,0,0,0,0,0,1
0,4,4,0,2,0,5,3,0,4,5,0,0,0,0,5,0,4,0,0,4,5,0,0,4,4,0,0,0,0,0,4,3,0,0,0,0,0,0,1
5,0,4,0,5,0,5,3,0,4,2,0,0,0,0,5,5,0,0,0,4,5,0,0,0,0,4,0,0,0,0,4,3,0,0,0,0,0,0,1
0,0,4,0,5,0,5,3,0,4,0,0,5,0,0,5,0,0,0,0,4,5,0,0,4,0,0,0,0,0,0,4,3,0,0,0,2,0,0,1
5,0,4,0,5,0,5,3,0,4,0,0,0,0,0,5,2,4,0,0,4,5,0,0,0,0,0,0,0,0,0,3,3,0,0,0,0,0,0,1
5,0,4,0,5,0,5,2,0,4,2,0,0,0,0,5,2,0,0,0,4,5,0,0,0,0,0,3,0,0,4,4,3,0,0,0,0,0,0,1
5,0,4,0,5,0,5,2,0,4,2,0,0,0,0,2,5,0,0,0,4,5,0,0,0,0,0,0,0,0,0,4,3,0,0,0,0,0,0,1
5,0,4,0,5,0,5,2,0,4,2,0,0,0,5,5,2,0,0,0,4,5,0,0,0,0,0,0,0,0,4,4,3,0,0,5,0,0,0,1
0,4,4,0,2,0,5,3,0,4,5,0,0,0,0,5,0,0,0,0,4,5,0,0,4,4,0,0,0,0,0,4,3,0,0,0,0,0,0,1
5,0,4,0,5,0,5,3,0,4,2,5,0,0,0,5,5,0,0,0,4,5,0,0,0,0,4,0,0,0,0,4,3,0,0,0,0,0,0,1
5,4,4,0,5,0,5,3,3,4,2,0,0,0,0,5,2,0,0,2,4,5,0,0,4,0,0,0,0,0,0,4,4,0,0,0,0,0,0,1
5,0,4,5,2,0,5,3,0,4,2,0,0,0,0,5,2,0,0,0,4,5,0,0,0,0,0,0,0,0,0,4,3,0,0,0,0,0,5,1
5,0,4,0,5,0,5,3,0,4,2,0,5,0,0,5,5,4,0,0,4,5,0,0,4,0,4,0,0,0,0,4,3,0,0,0,0,0,0,1
0,0,4,0,5,0,5,3,0,4,2,0,0,0,0,5,0,4,0,0,4,5,0,0,0,0,0,0,0,0,0,4,0,0,0,0,0,0,0,1
5,0,4,0,5,0,5,3,0,4,2,0,0,0,0,5,5,4,0,0,4,5,0,0,0,0,4,0,0,0,0,4,3,0,0,0,0,0,0,1
5,0,4,0,5,0,5,2,0,4,2,0,0,0,0,5,2,0,0,0,4,5,0,0,0,0,0,0,0,0,0,4,3,0,0,0,0,0,0,1
5,0,4,0,5,0,5,3,0,4,0,0,0,0,0,5,2,0,0,0,4,5,0,0,0,0,0,0,0,0,0,4,3,0,0,0,0,0,0,1
0,0,4,0,5,3,5,3,0,4,0,0,5,0,0,5,0,0,0,0,4,5,0,0,4,0,0,0,0,0,0,4,3,0,0,0,0,0,0,1
0,0,0,0,5,0,0,0,0,0,0,0,0,0,0,5,0,0,0,0,4,0,0,0,0,0,0,3,0,0,0,0,0,0,0,0,0,0,0,1
0,0,4,0,0,0,0,3,0,3,0,0,0,0,0,0,0,4,0,0,0,5,0,0,4,0,0,5,0,0,0,0,3,0,0,0,2,0,0,1
0,0,4,0,5,0,5,2,0,0,0,0,0,0,0,5,0,4,0,0,0,0,0,0,0,0,0,3,0,0,0,4,0,0,0,0,2,0,0,1
0,0,0,0,5,0,5,0,0,0,0,0,0,0,0,0,0,0,0,0,0,5,0,0,0,0,0,0,5,0,0,0,3,0,0,0,0,0,4,1
0,4,0,0,2,0,5,0,0,4,0,0,4,0,5,5,0,0,0,0,0,0,0,0,0,0,0,0,0,0,0,0,3,0,0,0,0,0,0,1
0,0,0,0,0,0,5,3,0,4,0,0,0,0,0,5,0,4,0,0,0,5,0,0,0,0,0,0,0,0,0,4,3,0,0,0,0,0,0,1
0,0,0,0,5,0,5,0,0,0,0,0,0,0,0,5,0,0,0,0,0,5,0,0,0,0,0,0,0,0,0,0,3,0,0,0,0,0,4,1
0,0,4,0,2,0,0,3,0,0,0,0,0,0,0,0,0,4,0,0,4,5,0,0,0,0,0,3,0,0,0,4,4,0,0,0,0,0,0,1
0,4,0,0,2,0,0,3,0,0,0,0,0,0,0,5,0,4,0,0,0,0,0,0,4,0,0,0,0,0,0,4,0,0,0,0,0,0,0,1
0,0,4,0,0,0,5,3,0,4,0,0,0,0,0,0,0,0,0,0,0,5,0,0,0,0,0,0,0,0,0,0,3,0,0,0,0,0,0,1
0,0,0,0,2,0,0,3,0,4,0,0,0,0,0,0,0,4,0,2,4,0,0,0,0,0,0,0,0,0,0,4,3,0,0,0,0,0,0,1
0,0,0,0,5,0,5,0,3,4,0,0,0,0,0,5,0,4,0,0,4,5,0,0,0,0,0,0,0,0,0,4,3,0,0,0,0,0,0,1
0,0,4,0,5,0,5,2,0,4,0,0,0,0,0,0,0,4,0,0,4,5,0,0,0,0,0,3,0,0,0,4,0,0,0,0,0,0,0,1
0,0,0,0,0,0,0,3,0,0,0,0,0,0,0,5,0,4,0,0,0,0,0,0,0,0,0,0,0,0,0,0,4,0,0,0,0,0,0,1
0,0,0,0,5,0,0,0,0,4,0,0,0,0,0,0,0,0,0,0,4,5,0,0,0,0,0,0,0,0,0,4,0,0,0,0,0,0,0,1
0,0,4,0,0,0,5,3,0,0,0,0,0,0,5,0,0,0,0,0,0,0,0,0,0,0,0,3,0,0,4,0,3,0,0,0,0,0,0,1
0,0,4,0,5,0,5,3,0,4,0,0,0,4,0,5,0,4,0,0,0,5,0,0,0,0,0,0,0,0,0,0,3,0,0,0,0,0,0,1
0,0,0,0,5,0,0,3,0,0,0,0,0,0,0,2,0,4,0,0,0,5,0,0,0,0,0,0,0,0,0,4,0,0,0,0,0,0,0,1
0,4,0,0,5,0,0,0,0,0,0,0,0,0,0,0,0,0,0,0,0,5,0,0,0,0,0,0,0,0,0,4,3,0,0,0,0,0,0,1
0,0,4,0,5,0,5,3,0,4,0,0,0,0,0,5,0,0,0,0,0,5,0,0,0,0,0,0,0,0,0,0,3,0,0,0,0,0,0,1
0,0,4,0,5,0,0,0,0,0,0,0,0,0,0,0,0,0,0,0,4,5,0,0,0,0,0,0,0,0,0,0,0,0,0,0,0,0,0,1
0,0,4,4,5,0,5,3,0,4,0,0,0,0,0,5,0,4,0,0,4,5,0,0,0,0,0,0,0,0,0,4,3,0,0,0,0,0,0,1
0,0,4,0,2,0,5,3,0,4,0,0,0,0,0,5,0,0,0,0,4,5,0,0,0,0,0,0,0,0,4,4,3,0,0,0,0,0,0,1
0,0,4,0,5,0,5,3,0,4,0,0,0,0,0,2,0,4,0,0,4,5,0,0,0,0,0,3,0,0,0,4,3,0,0,5,0,0,0,1
0,0,4,0,5,0,5,3,0,3,0,5,0,0,0,5,0,4,0,0,2,5,0,0,4,0,4,5,0,0,0,4,3,0,0,0,0,0,0,1
0,0,4,4,5,0,5,2,0,4,0,0,0,0,0,5,0,0,0,0,4,5,0,0,0,0,0,0,0,0,0,4,3,0,0,5,0,0,0,1
0,4,4,0,2,0,5,3,0,4,0,0,0,0,0,5,0,4,0,0,4,5,0,0,4,0,0,0,0,0,0,4,3,0,0,0,0,0,0,1
0,0,4,0,5,0,5,3,0,0,0,0,0,0,0,5,0,4,4,0,2,5,0,0,4,0,0,5,0,0,0,4,0,0,0,0,0,0,0,1
0,0,4,0,5,0,5,2,0,4,0,0,0,0,0,5,0,4,0,0,4,5,0,0,4,0,0,0,0,0,0,4,3,0,0,0,2,0,0,1
0,0,4,0,2,0,5,3,0,4,0,0,0,4,0,5,0,4,0,0,0,5,0,0,4,0,0,3,0,0,0,4,0,0,0,0,0,0,0,1
0,0,4,0,5,0,5,2,0,4,0,0,0,0,0,5,0,4,0,0,4,5,0,0,0,0,0,0,0,0,0,4,3,0,0,0,0,0,0,1
0,0,4,0,5,0,5,3,0,4,0,0,0,0,0,5,0,4,0,0,4,5,0,0,4,0,4,0,0,0,0,4,3,0,0,0,0,0,0,1
0,0,4,0,5,0,5,2,0,4,0,0,0,0,0,2,0,4,0,0,4,5,0,0,4,0,0,3,0,0,4,4,3,0,0,0,0,0,5,1
0,4,4,0,2,0,5,3,0,4,0,0,0,0,0,5,0,0,0,0,4,5,0,0,4,0,0,0,0,0,0,4,3,0,0,0,0,0,0,1
0,0,4,0,5,0,5,3,0,4,0,0,0,0,0,5,0,3,0,0,4,5,0,0,0,0,0,0,0,0,0,4,3,0,0,0,0,0,0,1
0,0,4,0,2,0,5,2,0,4,0,0,0,0,0,2,0,4,0,0,4,5,0,0,0,0,0,0,0,0,0,4,3,0,0,0,0,0,0,1
0,0,4,0,5,0,5,2,0,4,0,0,0,0,0,5,0,0,0,0,4,5,0,0,0,0,0,0,0,0,0,4,0,0,0,0,0,0,0,1
0,0,4,0,2,0,5,3,0,4,0,0,0,0,0,5,0,0,0,0,0,5,0,0,0,0,0,0,0,0,0,4,4,0,0,0,0,0,0,1
0,0,4,0,2,0,5,3,0,4,0,0,0,0,0,5,0,0,0,0,4,5,0,0,0,0,0,5,0,0,4,4,3,0,0,0,0,0,4,1
0,4,4,0,5,0,5,3,0,4,0,0,0,0,0,5,0,4,0,0,4,5,0,0,0,0,4,0,0,0,4,4,3,0,0,0,0,0,0,1
0,0,4,0,5,0,5,2,0,4,0,0,0,0,0,5,0,4,0,0,4,5,0,0,0,0,4,0,0,0,0,4,3,0,0,0,0,0,5,1
0,0,4,0,5,0,5,3,0,4,0,0,0,0,0,5,0,4,0,0,4,5,0,0,0,0,0,0,0,0,0,4,3,0,0,0,0,0,4,1
0,0,4,0,2,0,5,3,0,4,0,0,0,0,0,5,0,0,0,0,4,5,0,0,0,0,0,5,0,0,0,4,3,0,0,0,0,0,0,1
0,0,4,0,5,0,5,3,0,4,0,0,0,0,0,5,0,4,0,0,4,5,0,0,0,0,0,0,0,0,0,4,3,0,0,0,0,0,0,1
0,0,4,0,2,0,5,3,0,4,0,0,0,0,0,5,0,0,0,0,4,5,0,0,0,0,0,0,0,0,0,4,3,0,0,0,0,0,0,1
0,0,4,5,5,0,5,2,0,4,0,0,0,0,0,5,0,4,0,0,4,5,0,0,0,0,0,0,0,0,0,4,3,0,0,0,0,0,0,1
0,0,4,0,2,0,5,3,0,4,0,0,0,0,0,5,0,4,0,0,4,5,0,0,0,0,0,3,0,0,0,4,0,0,0,0,0,0,0,1
0,0,0,0,5,0,5,3,0,4,0,0,0,4,0,0,0,0,0,0,0,5,0,0,0,0,0,3,0,0,0,4,4,0,0,0,0,0,0,1
0,0,4,0,5,0,5,3,0,4,0,0,0,0,0,5,0,4,0,0,4,5,0,0,0,0,0,3,0,0,0,4,3,0,0,0,0,0,0,1
0,0,4,0,2,0,5,3,0,4,0,0,0,0,0,5,0,0,0,0,0,5,0,0,0,0,0,0,0,0,0,3,4,0,0,0,0,0,0,1
0,0,4,0,5,0,0,3,0,4,0,0,0,0,0,2,0,4,0,0,4,5,0,0,4,0,0,0,0,0,0,4,3,0,0,0,0,0,0,1
0,0,4,0,5,0,5,2,0,4,0,0,0,0,0,5,0,4,0,0,4,5,0,0,0,0,0,0,0,0,0,4,3,0,0,0,0,0,0,1
0,4,4,0,5,0,5,2,0,4,0,5,4,0,0,5,0,0,0,0,4,5,0,0,0,0,4,0,0,0,0,4,3,0,0,0,0,0,0,1
0,0,4,0,5,0,5,3,0,4,0,0,5,0,0,5,0,0,0,0,4,5,0,0,4,0,0,0,0,2,0,4,3,0,0,0,0,0,0,1
0,4,4,0,2,0,5,2,0,4,0,0,0,0,0,5,0,4,0,0,4,5,0,0,0,0,0,0,0,0,0,4,3,0,0,0,0,0,0,1
0,0,4,5,5,0,5,3,0,4,0,0,0,0,0,5,0,4,0,5,4,5,0,0,4,0,0,0,0,0,0,4,3,0,0,0,0,0,0,1
0,0,4,0,5,0,5,2,0,4,0,0,0,0,0,5,0,4,0,5,4,5,0,0,0,0,0,0,0,0,0,4,3,0,0,0,0,0,0,1
0,4,4,0,2,0,5,3,0,4,0,0,0,0,0,5,0,4,0,0,4,5,0,0,0,0,0,0,0,0,0,4,3,0,0,0,0,0,0,1
0,0,4,0,5,0,5,3,0,4,0,0,0,0,0,5,0,4,0,5,4,5,0,0,4,0,0,0,0,0,0,4,3,0,0,0,0,0,0,1
0,0,4,0,5,0,5,2,0,4,0,0,0,0,0,5,0,4,0,5,4,5,0,0,0,0,0,0,0,0,0,4,3,0,0,0,0,0,0,1
0,0,4,0,5,0,5,2,0,4,0,0,0,0,0,5,0,4,0,0,4,5,0,0,0,0,0,0,0,0,0,4,3,0,0,0,2,0,0,1
0,4,4,0,2,0,5,2,0,4,0,0,0,0,0,5,0,4,0,0,4,5,0,0,0,0,0,3,0,0,4,4,3,0,0,0,2,0,4,1
0,0,4,0,2,0,5,3,0,4,5,0,0,0,0,5,0,0,0,0,0,5,0,0,4,4,0,0,0,0,0,4,3,0,0,0,0,0,0,1
0,0,4,0,5,0,5,2,0,4,0,5,0,0,0,5,0,0,0,0,4,5,0,0,4,0,0,0,0,0,0,4,3,0,0,0,0,0,0,1
0,0,4,0,2,0,5,3,0,4,5,0,0,0,0,5,0,0,0,0,0,5,0,0,4,4,0,0,0,0,0,4,3,0,0,0,0,0,0,1
0,4,4,0,5,0,5,3,0,4,0,0,5,0,0,5,0,0,0,0,4,5,0,0,4,0,4,0,0,0,0,4,3,0,0,5,0,0,0,1
0,0,4,0,5,0,5,2,0,4,0,0,0,0,0,5,0,0,0,0,4,5,0,0,4,0,0,0,0,0,0,4,3,0,0,0,2,0,0,1
0,0,4,0,5,0,5,3,0,4,0,0,0,0,0,5,0,0,0,0,4,5,0,0,0,0,0,0,0,0,0,4,3,0,0,0,0,0,0,1
0,0,4,0,5,0,5,2,0,4,0,2,0,0,5,5,0,0,0,0,4,5,0,0,4,0,4,3,0,0,0,4,3,0,0,0,0,0,0,1
0,0,4,0,5,0,5,3,0,4,0,0,0,0,0,5,0,0,0,0,4,5,0,0,0,0,0,0,0,0,0,4,3,0,0,0,0,0,0,1
0,0,4,0,5,0,5,3,0,3,0,0,0,0,0,5,0,0,0,0,2,5,0,0,4,0,0,3,0,0,0,4,3,0,0,0,0,0,4,1
0,0,4,0,5,3,5,3,0,4,0,0,5,0,0,5,0,0,0,0,4,5,0,0,4,0,0,3,0,0,0,4,3,0,0,0,0,0,0,1
0,0,0,0,2,0,5,3,0,4,0,0,0,0,0,5,0,0,0,0,4,5,0,0,0,0,0,0,0,0,0,4,3,0,0,0,0,0,0,1
0,0,4,5,2,0,5,3,0,4,0,0,0,0,0,5,0,0,0,0,4,5,0,0,0,0,0,0,0,0,0,4,3,0,0,0,0,0,0,1
0,0,4,0,5,0,5,3,0,4,0,5,0,0,0,5,0,0,0,0,4,5,0,0,0,0,4,0,0,0,0,4,3,0,0,0,0,0,0,1
0,0,4,0,5,0,5,3,0,4,2,0,0,0,0,5,0,0,0,0,4,5,0,0,0,0,0,0,0,0,0,4,3,0,0,0,0,0,0,1
0,0,4,0,2,0,5,3,0,4,0,0,0,0,0,5,0,0,0,0,4,5,0,0,4,4,0,3,0,0,0,4,4,0,0,0,0,0,0,1
0,0,0,0,2,0,5,3,0,4,0,0,0,0,0,5,0,0,0,0,4,5,0,0,0,0,0,3,0,0,0,4,3,0,0,0,0,0,0,1
0,0,4,0,5,0,5,3,0,4,5,0,0,0,0,2,0,0,0,0,4,5,0,0,0,0,0,0,2,0,0,4,3,0,0,0,0,0,0,1
0,0,4,0,5,0,5,3,0,3,0,0,0,0,0,5,0,0,0,0,2,5,0,0,4,0,0,5,0,0,0,4,3,0,0,0,2,0,4,1
0,0,4,0,5,0,5,2,0,4,0,2,0,0,5,5,0,0,0,0,4,5,0,0,4,0,4,3,0,0,0,4,3,0,0,0,0,0,0,1
0,0,4,0,5,0,5,3,0,4,0,0,0,0,0,5,0,4,0,0,4,5,0,0,0,0,0,0,0,0,0,4,3,0,0,0,0,0,0,1
0,0,4,0,5,0,5,2,0,4,0,2,0,0,5,5,0,0,0,0,4,5,0,0,4,0,4,3,0,0,0,4,3,0,0,0,0,0,0,1
0,0,4,0,5,0,5,2,0,4,0,2,0,0,5,5,0,0,0,0,4,5,0,0,4,0,4,3,0,0,0,4,3,0,0,0,0,0,0,1
0,0,4,0,5,0,5,3,0,3,0,0,0,0,0,5,0,4,0,0,2,5,0,0,4,0,0,5,0,0,0,4,3,0,0,0,0,0,0,1
0,0,4,0,5,0,5,2,3,4,0,0,0,0,0,5,0,4,0,0,4,5,0,0,0,0,0,0,0,0,0,4,3,0,0,0,0,0,5,1
0,0,4,0,5,0,0,3,0,4,0,0,0,0,0,5,0,4,0,2,4,5,0,0,0,0,0,3,0,0,4,4,3,0,0,0,0,0,0,1
0,4,4,0,2,0,5,3,0,4,0,0,0,0,0,5,0,4,0,0,4,5,0,0,4,0,0,0,0,0,0,4,3,0,0,0,0,0,0,1
0,0,4,0,5,0,5,2,0,4,0,0,0,0,0,5,0,4,0,0,4,5,0,0,0,0,0,0,0,0,4,4,3,0,0,0,0,0,0,1
0,0,4,0,5,0,5,2,3,4,0,0,0,0,0,5,0,0,0,0,4,5,0,0,0,0,0,0,0,0,0,4,3,0,0,0,0,0,0,1
0,0,4,0,2,0,5,3,0,4,0,5,0,0,0,5,0,0,0,0,4,5,0,0,0,0,0,0,0,0,0,3,3,0,0,5,0,0,0,1
0,0,4,0,5,0,5,3,0,4,0,5,0,0,0,5,0,4,0,0,4,5,0,0,4,0,0,0,0,0,0,4,3,0,0,0,0,0,0,1
0,0,0,0,0,0,5,0,0,0,0,0,0,0,0,5,0,4,0,0,4,5,0,0,0,0,0,0,0,0,0,4,3,0,0,0,0,0,5,1
0,4,4,0,5,0,5,2,0,4,0,5,0,0,0,5,0,4,0,0,4,5,0,0,0,0,0,0,0,0,0,4,3,0,0,0,0,0,0,1
0,0,4,0,5,0,5,3,0,4,0,0,0,0,0,5,0,4,0,0,4,5,0,0,0,0,0,5,0,0,0,4,3,0,0,0,0,0,0,1
0,0,4,0,5,0,5,3,0,4,0,0,0,0,0,5,0,4,0,0,4,5,0,0,0,0,0,5,0,0,0,4,3,0,0,0,0,0,0,1
0,0,4,0,5,0,5,2,0,4,0,0,0,0,0,5,0,0,0,0,4,5,0,0,4,0,0,0,0,0,0,4,3,0,0,0,0,0,0,1
5,4,4,0,2,0,5,3,0,4,2,0,0,0,0,5,2,0,0,0,0,5,2,0,4,4,0,0,0,0,0,4,3,0,0,0,0,0,0,1
5,0,4,0,5,0,5,3,0,4,0,0,0,0,0,5,5,0,0,0,4,5,0,0,0,0,0,0,0,0,0,4,3,0,0,0,0,0,0,1
0,0,4,0,5,0,5,2,0,4,0,0,0,0,0,5,0,0,0,0,0,5,0,0,0,0,0,0,0,0,0,4,4,0,0,0,0,0,0,1
5,0,4,0,5,0,5,3,0,4,0,0,0,0,0,5,5,4,0,0,4,5,0,0,0,0,0,0,0,0,0,4,4,0,0,0,0,0,0,1
5,0,4,0,5,0,5,3,0,4,0,2,0,0,0,5,5,4,0,0,4,5,0,0,4,0,4,0,0,0,0,4,3,0,0,0,0,4,0,1
5,0,4,0,2,0,5,3,0,4,0,0,0,0,0,5,5,0,0,0,4,5,2,0,4,0,0,0,0,0,0,4,3,0,0,0,0,0,0,1
5,0,4,0,5,0,5,3,0,4,0,0,0,0,0,2,2,0,0,0,4,5,0,0,0,0,0,0,0,0,0,4,3,0,0,0,0,0,0,1
5,0,4,0,5,0,5,3,0,4,2,0,5,0,0,5,2,4,0,0,4,5,2,0,0,0,4,0,0,0,0,4,3,0,0,0,0,0,0,1
5,0,4,0,2,0,5,3,3,4,0,0,0,0,0,5,2,0,0,0,4,5,5,0,0,0,0,0,0,0,0,4,3,0,0,0,0,0,0,1
5,0,4,0,5,0,5,2,0,4,0,0,0,0,0,5,5,4,0,0,4,5,0,0,0,0,0,0,0,0,0,4,3,0,0,0,0,0,0,1
5,0,4,0,5,0,5,0,0,4,0,0,0,0,0,5,2,0,0,0,4,5,0,0,0,0,0,0,0,0,0,4,3,0,0,0,0,0,0,1
5,0,4,0,5,0,5,2,0,4,0,0,0,0,0,5,5,4,0,0,3,5,0,0,0,4,0,0,0,0,0,3,4,0,0,0,0,0,0,1
5,0,4,0,5,0,5,2,0,4,0,0,0,0,0,5,2,0,0,0,4,5,0,0,0,4,0,0,0,0,0,4,3,0,0,0,0,0,0,1
0,0,4,0,5,0,5,3,0,4,0,0,0,0,0,5,0,0,0,0,4,5,0,0,0,0,0,3,0,0,0,4,3,0,0,0,0,0,0,1
5,0,4,0,5,0,5,3,0,4,0,0,0,0,0,5,5,0,0,0,4,5,0,0,0,0,0,0,0,0,0,4,3,0,0,0,0,0,0,1
5,0,4,0,5,0,5,3,0,4,0,0,0,0,0,5,5,4,0,0,4,5,5,0,0,0,0,0,0,0,0,4,3,0,0,0,0,0,0,1
5,0,4,0,5,0,5,2,0,4,0,0,4,0,0,5,2,4,0,0,4,5,0,0,0,0,0,3,0,0,0,4,3,0,5,0,0,0,0,1
5,0,4,0,5,0,5,2,0,4,0,0,0,0,0,5,2,4,0,0,4,5,0,0,0,3,0,0,0,0,4,4,3,0,0,0,0,0,0,1
5,0,4,0,2,0,5,3,0,4,0,0,0,0,0,5,5,0,0,0,4,5,0,0,0,0,0,3,0,0,0,3,3,0,0,0,0,0,0,1
5,0,4,0,5,0,5,2,0,4,0,0,0,0,0,5,5,0,0,0,4,5,0,0,0,0,0,0,0,0,0,4,3,0,0,0,0,0,0,1
5,0,4,0,5,0,5,2,0,4,0,0,0,0,0,5,5,0,0,0,4,5,0,0,4,0,0,0,5,0,0,4,3,0,0,0,0,0,0,1
5,0,4,0,5,0,5,2,0,4,0,0,0,0,0,5,5,4,0,0,4,5,5,0,0,0,0,0,0,0,0,4,3,0,0,0,0,0,0,1
5,0,4,0,2,0,5,3,0,4,0,0,0,0,0,5,5,0,0,0,4,5,0,0,0,0,0,0,0,0,0,4,3,0,0,0,0,0,0,1
5,0,4,0,2,3,5,2,0,4,2,0,4,0,0,5,2,4,0,0,4,5,0,0,0,0,0,0,0,0,0,4,4,0,0,0,0,0,0,1
5,0,4,0,2,0,5,3,0,4,0,0,0,0,0,5,5,0,0,0,4,5,0,0,0,0,0,3,0,0,0,3,3,0,0,5,0,0,0,1
0,0,4,0,5,0,5,3,0,4,2,0,0,0,0,5,0,0,0,0,4,5,0,0,0,0,0,0,0,0,0,4,0,0,0,0,0,0,0,1
5,0,4,0,5,0,5,3,0,4,0,0,0,0,0,5,5,0,0,0,4,5,0,0,0,0,0,5,0,0,0,4,3,0,0,0,0,0,0,1
5,0,4,0,5,0,5,2,0,4,0,0,0,0,0,5,5,0,0,0,4,5,0,0,0,0,0,0,0,0,0,4,3,0,0,0,0,0,0,1
5,0,4,0,5,0,5,3,0,4,0,0,0,0,0,5,5,0,0,0,4,5,0,0,0,0,0,0,0,0,0,4,3,0,0,0,0,0,0,1
5,0,4,0,5,0,5,3,0,4,0,0,0,0,0,2,5,4,0,0,4,5,0,0,0,0,0,0,0,0,0,4,3,0,0,0,0,0,0,1
5,0,4,0,5,0,5,3,0,4,0,0,0,0,0,5,5,0,0,0,4,5,0,0,0,0,0,0,0,0,0,4,3,0,0,0,0,0,0,1
5,0,4,0,5,0,5,2,0,4,2,0,0,0,0,5,5,4,0,0,4,5,0,0,0,0,0,0,0,0,0,4,3,0,0,0,0,0,0,1
0,0,4,0,5,0,5,3,0,4,0,0,0,3,0,5,0,0,0,0,4,5,0,0,0,4,0,3,0,0,0,4,3,0,0,0,0,0,0,1
0,0,4,0,5,0,5,3,0,4,0,0,0,3,0,5,0,0,0,0,4,5,0,0,0,0,0,3,0,0,0,4,3,5,0,0,0,0,0,1
5,0,4,0,5,0,5,2,0,4,0,0,0,0,0,5,5,0,0,0,4,5,0,0,0,4,0,0,0,0,0,4,3,0,0,0,0,0,0,1
5,0,4,5,2,0,5,2,0,4,0,0,0,0,0,5,5,0,0,0,4,5,0,0,0,0,0,0,0,0,0,4,3,0,0,0,0,0,0,1
5,4,4,0,5,0,5,2,0,4,0,0,0,0,0,5,2,0,0,0,4,5,0,0,0,0,0,0,0,0,0,4,3,0,0,0,0,0,5,1
5,0,4,0,5,0,5,3,0,4,0,0,0,0,0,5,5,0,0,0,4,5,0,0,0,0,0,3,0,0,0,4,3,0,0,0,0,0,0,1
5,4,4,0,5,0,5,3,0,4,0,0,0,0,0,5,5,0,0,0,4,5,0,0,4,0,0,5,0,0,0,4,3,0,0,0,0,0,0,1
5,0,4,0,5,0,5,3,0,3,0,0,0,0,0,5,5,0,0,0,2,5,5,0,3,0,0,3,0,0,0,4,3,0,0,0,0,0,0,1
5,0,4,0,5,0,5,2,0,4,0,0,0,0,0,5,5,0,0,0,4,5,5,0,0,0,0,0,0,0,0,4,3,0,0,0,0,0,0,1
5,4,4,0,5,0,5,3,0,4,0,0,5,0,0,5,5,0,0,0,0,5,0,0,3,0,4,3,0,0,0,4,3,0,0,0,0,0,0,1
5,0,4,0,5,0,5,3,0,4,0,0,0,0,0,5,5,0,0,0,4,5,5,0,4,0,0,0,0,0,0,4,3,0,0,0,0,0,0,1
5,4,4,0,5,0,5,3,0,4,0,2,0,0,0,2,2,4,0,0,4,5,5,0,0,0,0,0,0,0,0,4,3,0,0,0,0,0,0,1
0,0,4,0,5,0,5,2,0,4,0,0,0,0,0,5,0,0,0,0,4,5,5,0,0,0,0,0,0,0,0,4,3,0,0,0,0,0,0,1
5,0,4,0,5,0,0,3,0,3,0,0,0,0,0,5,5,0,0,0,2,5,0,0,4,0,0,5,0,0,0,4,3,0,0,0,0,0,0,1
5,0,4,0,5,0,5,2,0,4,0,0,5,0,0,5,2,0,0,0,4,5,0,0,4,0,4,0,0,0,0,4,3,0,0,0,0,0,0,1
5,0,4,0,5,0,5,2,0,4,5,0,0,0,0,5,5,0,0,0,4,5,0,0,0,4,0,0,0,0,0,4,3,0,0,0,0,0,0,1
5,0,4,0,2,0,5,3,0,4,0,0,0,0,0,5,2,0,0,0,4,5,0,0,0,4,0,0,0,0,0,4,4,0,0,0,0,0,0,1
5,0,4,0,5,0,5,2,0,4,0,5,0,0,0,5,2,0,0,0,4,5,0,0,0,0,0,0,0,0,0,4,3,0,0,0,0,0,0,1
5,0,4,0,5,0,5,2,0,4,0,0,0,0,0,5,2,0,0,0,4,5,0,0,4,0,0,0,0,0,0,4,3,0,0,0,0,0,0,1
0,0,4,0,5,0,5,2,0,4,0,0,0,0,0,5,0,0,0,0,4,5,0,0,0,0,0,0,0,0,0,4,0,0,0,0,0,0,0,1
5,0,0,0,5,0,5,2,0,4,0,0,0,0,0,0,5,0,0,0,4,5,0,0,0,0,0,0,0,0,4,4,3,0,0,0,0,0,0,1
0,0,4,5,5,0,5,2,0,4,0,0,0,0,0,2,0,0,0,0,4,5,0,0,0,4,0,3,0,0,0,4,0,0,0,0,0,0,0,1
5,0,4,0,2,0,5,3,0,4,0,2,0,0,0,5,5,0,0,0,4,5,0,0,0,0,0,0,0,0,4,4,4,0,0,0,0,0,0,1
5,0,4,0,5,0,5,2,0,4,0,0,0,0,0,5,2,0,0,0,4,5,0,0,0,0,0,0,0,0,0,4,3,0,0,0,0,0,0,1
5,4,4,0,5,0,5,3,0,4,0,0,5,0,0,5,5,0,0,0,4,5,0,0,0,0,4,0,0,0,0,4,3,0,0,0,0,0,0,1
5,0,4,0,5,0,5,3,0,4,0,0,0,0,0,5,5,0,0,0,4,5,0,0,0,0,0,0,0,0,0,4,3,0,0,0,0,0,0,1
5,0,4,0,5,0,5,2,0,4,0,0,0,0,0,5,5,0,0,0,4,5,0,0,0,4,0,0,0,0,0,4,3,0,0,0,0,0,0,1
5,0,4,0,5,0,5,3,0,4,0,0,0,0,0,5,5,4,0,0,4,5,0,0,4,0,0,0,0,0,0,4,3,0,0,0,0,0,0,1
5,0,4,0,5,0,5,3,0,4,2,2,0,0,0,5,5,4,0,0,4,5,0,0,4,0,0,5,0,0,0,4,3,0,0,0,0,0,0,1
5,4,4,0,5,0,5,3,0,4,0,0,0,0,5,5,2,4,0,0,4,5,0,0,0,0,0,5,0,0,0,3,3,0,0,0,0,0,0,1
5,4,4,0,2,0,5,3,0,4,0,0,4,0,0,5,5,4,0,0,4,5,2,0,4,0,0,3,0,0,0,4,3,0,0,0,0,0,0,1
5,0,4,0,2,0,5,3,0,4,0,0,0,0,0,5,2,4,0,0,4,5,0,0,4,0,0,5,0,0,4,4,3,0,0,0,0,0,0,1
0,0,4,0,5,0,5,3,0,4,0,0,0,0,0,5,0,0,0,0,4,5,0,0,0,0,0,5,0,0,0,4,3,0,0,0,0,0,0,1
0,4,4,0,5,0,5,3,0,4,0,0,5,0,0,5,0,4,0,0,4,5,0,0,4,0,0,3,0,0,0,4,3,0,0,0,0,0,0,1
0,4,4,0,5,0,5,3,0,4,0,0,0,0,0,5,0,4,0,0,4,5,0,0,4,0,0,3,0,0,0,4,3,0,0,0,2,0,0,1
0,4,4,0,2,0,5,3,0,4,5,0,0,0,0,5,0,4,0,0,4,5,0,0,0,4,4,0,0,0,0,4,3,0,0,0,0,0,0,1
5,0,4,0,5,0,5,3,0,4,0,0,0,0,0,5,5,4,0,0,4,5,0,0,0,4,0,0,0,0,0,4,3,0,0,0,0,0,0,1
5,0,4,0,5,0,5,3,0,4,0,0,0,0,0,5,5,4,0,0,4,5,5,0,0,4,0,0,0,0,0,4,3,0,0,0,0,0,0,1
5,0,4,0,5,0,5,3,0,4,0,0,0,0,0,5,5,0,0,0,4,5,0,0,0,0,0,0,0,0,0,4,3,0,0,0,0,0,0,1
5,0,4,0,5,0,5,3,0,4,0,0,0,0,0,5,5,0,0,0,4,5,0,0,0,4,0,0,0,0,0,4,3,0,0,0,0,0,0,1
5,0,4,0,5,0,5,3,0,4,0,0,0,0,0,5,5,0,0,0,4,5,0,0,0,0,0,0,0,0,0,4,3,0,0,0,0,0,0,1
5,0,4,0,5,0,5,3,0,4,0,0,0,0,0,5,2,4,0,0,4,5,5,0,0,0,0,0,0,0,0,4,3,0,4,0,0,0,0,1
5,0,4,0,5,0,5,3,0,4,0,0,0,0,0,5,5,4,0,0,4,5,0,0,0,4,0,0,0,0,0,4,3,0,0,0,0,0,0,1
5,0,4,0,5,0,5,3,0,4,0,0,0,0,0,5,5,4,0,0,4,5,0,0,0,4,0,0,0,0,0,4,3,0,0,0,0,0,0,1
5,0,4,0,5,0,5,3,0,4,0,0,0,0,0,5,5,4,0,0,4,5,0,0,0,0,0,0,0,0,0,4,3,0,0,0,0,0,0,1
5,0,4,0,5,0,5,3,0,4,0,0,0,0,0,5,5,4,0,0,4,5,0,0,0,4,0,0,0,0,0,4,3,0,0,0,0,0,0,1
5,0,4,0,5,0,5,3,0,4,0,0,0,0,0,5,2,4,0,0,4,5,0,0,0,0,0,0,0,0,0,4,3,0,4,0,0,0,0,1
5,0,4,0,5,0,5,3,0,4,0,0,0,0,0,5,2,4,0,0,4,5,0,0,0,0,0,0,0,0,0,4,3,0,4,0,0,0,0,1
5,0,4,0,5,0,5,3,0,4,0,0,0,0,0,5,2,4,0,0,4,5,0,0,0,0,0,0,0,0,0,4,3,0,4,0,0,0,0,1
5,0,4,0,5,0,5,3,0,4,0,0,0,0,0,5,5,4,0,0,4,5,0,0,0,0,0,0,0,0,0,4,3,0,0,0,0,0,0,1
5,0,4,0,5,0,5,3,0,4,0,0,0,0,0,5,2,4,0,0,4,5,0,0,0,0,0,0,0,0,0,4,3,0,4,0,0,0,0,1
5,0,4,0,5,0,5,3,0,4,0,0,0,0,0,5,5,0,0,0,4,5,0,0,0,0,0,0,0,0,0,4,3,0,0,0,0,0,0,1
5,0,4,0,5,0,5,3,0,4,0,0,0,0,0,5,5,4,0,0,4,5,0,0,0,0,0,0,0,0,0,4,3,0,0,0,0,0,0,1
5,0,4,0,5,0,5,3,0,4,0,0,0,0,0,5,5,0,0,0,4,5,0,0,0,4,0,0,0,0,0,4,3,0,0,0,0,0,0,1
5,0,4,0,5,0,5,3,0,4,0,0,0,0,0,5,5,4,0,0,4,5,0,0,0,0,0,0,0,0,0,4,3,0,0,0,0,0,0,1
0,0,4,5,5,0,5,3,0,4,0,0,0,0,0,5,0,4,0,0,4,5,0,0,0,0,0,0,0,0,0,4,3,0,0,0,0,0,0,1
0,0,4,5,5,0,5,3,0,4,0,0,0,0,0,5,0,4,0,0,4,5,0,0,0,0,0,0,0,0,0,4,3,0,0,0,0,0,0,1
0,0,4,5,5,0,5,3,0,4,0,0,0,0,0,5,0,4,0,0,4,5,0,0,0,0,0,0,0,0,0,4,3,0,0,0,0,0,0,1
0,0,4,0,2,0,5,3,0,4,0,0,0,0,0,5,0,4,0,0,4,5,0,0,4,0,0,0,0,0,0,4,3,0,0,0,2,0,0,1
0,0,0,0,2,0,5,3,0,4,0,0,0,0,5,5,0,4,0,0,4,5,0,0,0,0,0,0,0,0,4,4,3,0,0,0,2,0,0,1
0,0,0,0,2,0,5,3,0,4,0,0,0,0,5,5,0,4,0,0,4,5,0,0,0,0,0,3,0,0,4,4,3,0,0,0,2,0,0,1
0,0,3,0,5,0,5,3,0,4,0,5,0,0,0,5,0,0,0,0,4,5,0,0,4,0,0,0,0,0,0,3,3,0,0,0,0,0,0,1
0,0,0,0,2,0,5,3,0,4,0,0,0,0,5,5,0,4,0,0,4,5,0,0,0,0,0,0,0,0,4,4,3,0,0,0,2,0,0,1
0,0,0,0,2,0,5,3,0,4,0,0,0,0,5,5,0,4,0,0,4,5,0,0,0,0,0,0,0,0,4,4,3,0,0,0,2,0,0,1
0,0,0,0,2,0,5,3,0,4,0,0,0,0,5,5,0,4,0,0,4,5,0,0,0,0,0,3,0,0,4,4,3,0,0,0,2,0,0,1
0,0,0,0,2,0,5,3,0,4,0,0,0,0,5,5,0,4,0,0,4,5,0,0,0,0,0,3,0,0,4,4,3,0,0,0,2,0,0,1
0,4,4,0,2,0,5,3,0,4,0,0,0,0,0,5,0,0,0,0,4,5,0,0,4,0,0,3,0,0,0,4,3,0,0,0,0,0,0,1
0,0,0,0,2,0,5,3,0,4,0,0,0,0,5,5,0,4,0,0,4,5,0,0,0,0,0,3,0,0,4,4,3,0,0,0,2,0,0,1
0,0,4,5,2,0,5,3,0,4,0,0,5,0,0,5,0,4,0,0,4,5,0,0,4,0,0,3,0,0,4,4,3,0,0,0,0,0,4,1
0,0,4,0,5,0,5,2,0,4,0,0,0,0,0,5,0,4,0,0,4,5,0,0,4,0,0,0,0,0,0,4,3,0,0,0,0,0,0,1
0,0,4,0,5,0,5,3,0,3,0,0,0,0,0,5,0,4,0,0,2,5,0,0,4,0,0,5,0,0,0,4,3,0,0,0,0,0,0,1
0,0,4,5,5,0,5,2,3,4,0,0,0,0,0,5,0,4,0,0,4,5,0,0,0,0,0,3,0,0,0,4,3,0,0,0,0,0,5,1
0,0,4,0,5,0,5,3,0,4,0,0,0,0,0,5,0,4,0,0,4,5,0,0,0,0,0,3,0,0,0,4,0,0,0,0,0,0,0,1
0,0,4,0,5,0,5,2,0,4,0,0,0,0,0,5,0,4,0,0,4,5,0,0,0,0,0,0,0,0,0,4,3,0,0,0,0,0,0,1
0,0,4,0,5,0,5,3,0,4,0,0,0,0,0,5,0,4,0,0,4,5,0,0,0,0,0,5,0,0,0,4,3,0,0,0,0,0,0,1
0,0,4,0,5,0,5,0,0,4,0,0,0,0,0,5,0,0,0,0,4,5,0,0,0,0,4,0,0,0,0,4,3,0,0,0,0,0,0,1
0,0,4,0,5,0,5,2,0,4,0,0,0,0,0,5,0,4,0,0,4,5,0,0,0,0,0,0,0,0,0,4,3,0,0,0,0,0,0,1
0,0,4,0,5,0,5,2,0,4,0,0,0,0,0,5,0,0,0,0,4,5,0,0,0,0,0,3,0,0,0,4,3,0,0,0,0,0,0,1
0,0,4,4,5,0,5,3,0,4,0,0,0,0,0,5,0,0,0,0,4,5,0,0,0,0,0,0,0,0,0,4,3,0,0,0,0,0,0,1
0,0,4,5,2,0,5,3,0,4,0,0,5,0,0,5,0,4,0,0,4,5,0,0,4,0,0,3,0,0,4,4,3,0,0,0,0,0,0,1
0,0,0,0,2,0,5,3,0,4,0,0,0,0,0,5,0,4,0,0,0,5,0,0,0,0,0,0,0,0,0,4,3,0,0,0,0,0,0,1
0,0,4,0,5,0,5,2,0,4,0,0,0,0,0,5,0,4,0,0,4,5,0,0,0,0,0,0,0,0,0,4,3,0,0,0,0,0,4,1
0,0,4,0,5,0,2,3,0,4,0,0,0,0,0,5,0,4,0,0,4,5,0,0,0,0,0,0,0,0,0,4,3,0,0,0,0,0,0,1
0,4,4,0,5,0,5,3,0,4,0,0,0,0,0,5,0,0,0,0,4,5,0,0,0,0,0,0,0,0,0,4,3,0,0,0,0,0,0,1
0,0,4,0,2,0,5,3,0,4,0,0,0,0,0,2,0,4,0,0,4,5,0,0,0,0,4,0,0,0,0,4,3,0,0,0,0,0,0,1
0,0,4,0,5,0,5,3,0,4,0,0,0,0,0,5,0,4,0,0,4,5,0,0,0,0,4,0,0,0,0,4,3,0,0,0,0,0,0,1
0,0,4,0,5,0,5,3,0,4,0,0,0,0,0,5,0,0,0,0,4,5,0,0,4,0,0,5,0,0,0,4,3,0,0,0,0,0,0,1
0,0,4,0,5,0,5,3,0,4,0,0,0,0,0,5,0,0,0,0,4,5,0,0,0,0,0,0,0,0,0,4,0,0,0,0,0,0,0,0
0,0,4,0,2,0,5,0,0,4,0,0,0,0,0,5,0,0,0,0,4,5,0,0,0,0,0,0,0,0,0,4,3,0,0,0,0,0,0,0
0,0,4,0,5,0,5,3,0,4,0,2,0,0,0,5,0,0,0,0,4,5,0,0,0,0,0,0,0,0,0,4,3,0,0,0,0,0,0,0
0,0,4,0,2,0,5,3,0,4,0,2,4,4,0,5,0,0,0,0,4,5,0,0,4,0,0,0,0,0,0,4,3,0,0,0,2,0,0,0
0,0,4,0,2,0,5,3,0,4,0,0,0,0,0,5,0,0,0,0,4,5,0,0,0,0,0,0,0,0,0,4,3,0,0,0,0,0,0,0
0,0,4,0,2,0,5,3,0,4,0,0,5,0,0,5,0,0,0,0,4,5,0,0,0,0,0,0,5,0,0,4,3,0,0,0,0,0,0,0
0,0,4,0,2,4,5,3,0,4,0,0,4,0,0,5,0,0,0,0,4,5,0,0,0,0,0,0,0,0,0,4,3,0,0,0,0,0,0,0
0,4,4,0,5,0,5,2,0,4,0,0,4,0,0,5,0,3,0,0,4,5,0,0,3,0,0,0,0,0,0,4,3,0,0,0,0,0,0,0
0,0,4,0,5,0,5,0,0,4,0,0,0,0,0,5,0,0,0,0,4,5,0,0,4,0,0,0,5,0,0,4,3,0,0,0,0,0,0,0
0,0,4,0,2,0,5,2,0,4,2,0,0,0,0,5,0,0,0,0,4,5,0,0,0,0,0,0,0,0,0,4,3,0,0,0,0,0,0,0
0,0,4,0,2,0,5,3,0,4,5,0,0,0,0,5,0,0,0,0,4,5,0,0,0,0,0,0,0,0,0,4,3,0,0,0,0,0,4,0
0,0,4,0,2,0,5,3,0,4,5,0,0,0,0,5,0,4,0,0,4,5,0,0,0,0,0,0,0,0,0,4,3,0,0,0,0,0,0,0
0,0,4,0,2,0,5,3,0,4,0,0,0,0,0,5,0,0,0,0,4,2,0,4,0,0,0,0,0,0,0,4,3,0,0,0,0,0,0,0
0,0,4,0,5,0,5,2,0,4,0,0,0,0,0,5,0,0,0,0,4,5,0,0,0,0,0,0,0,0,0,4,3,0,0,0,0,0,0,0
0,0,4,0,5,0,5,2,0,4,0,0,0,0,0,5,0,0,0,0,4,5,0,0,0,0,0,0,0,0,0,4,3,0,0,0,0,0,0,0
0,0,4,0,2,0,5,3,0,4,5,0,0,0,0,5,0,0,0,0,4,5,0,0,0,0,0,0,0,0,0,4,3,0,0,0,0,0,0,0
0,0,4,0,2,0,5,3,0,4,0,0,4,0,0,5,0,0,0,0,4,5,0,0,4,0,0,0,0,0,0,4,3,0,0,0,5,0,0,0
0,0,4,0,2,4,0,3,0,4,0,0,0,0,0,5,0,0,0,0,4,5,0,0,4,0,0,0,0,0,0,4,3,0,0,0,0,0,0,0
0,4,4,0,2,4,0,3,0,4,0,2,0,0,0,5,0,0,0,0,4,5,0,0,4,0,0,0,0,0,0,4,3,0,0,0,0,0,0,0
0,4,4,0,5,0,5,2,0,4,0,0,4,0,0,5,0,0,0,0,4,5,0,0,3,0,0,0,0,0,0,4,3,0,0,0,0,0,0,0
0,0,4,0,2,0,5,3,0,4,5,0,0,0,0,5,0,0,0,0,4,5,0,0,0,0,0,0,0,0,0,4,3,0,0,0,0,0,0,0
0,0,4,0,2,0,5,3,0,4,5,0,0,0,0,5,0,0,0,0,4,5,0,0,0,0,0,0,0,0,0,4,3,0,0,0,0,0,4,0
0,4,4,0,2,0,5,3,0,4,0,0,0,0,0,5,0,0,0,0,4,5,0,0,0,0,0,0,5,0,0,3,3,0,0,0,0,0,0,0
0,0,4,0,2,0,5,3,0,4,5,0,5,4,0,5,0,0,0,0,4,5,0,0,0,0,0,0,0,0,0,4,3,0,0,0,0,0,0,0
0,0,4,0,2,0,5,3,0,4,0,5,5,0,0,5,0,0,0,0,4,5,0,0,0,0,0,0,0,0,0,3,3,0,0,5,0,0,0,0
0,0,4,0,2,0,0,3,0,4,0,0,5,4,0,5,0,0,0,0,4,5,0,4,4,0,0,0,0,0,0,4,3,0,0,0,0,0,0,0
0,0,4,0,2,0,5,3,0,4,5,0,0,0,0,5,0,0,0,2,4,5,0,0,0,0,0,5,0,0,0,4,3,0,5,0,0,0,0,0
0,0,4,0,2,0,5,3,4,4,5,0,0,0,0,5,0,4,0,0,4,0,0,0,0,0,0,0,0,0,0,4,3,0,5,0,0,0,0,0
0,0,4,0,2,0,5,3,4,4,5,0,0,0,0,5,0,0,0,0,4,5,0,0,0,0,0,5,0,0,0,4,3,0,5,0,0,0,0,0
0,0,4,0,2,0,5,3,0,4,5,0,5,0,0,5,0,0,0,5,4,5,0,0,0,0,0,0,0,0,0,4,3,0,5,0,0,0,0,0
0,0,4,0,2,0,5,3,0,4,0,2,0,4,0,5,0,4,0,0,4,5,0,0,4,0,0,0,0,0,0,4,3,0,0,0,0,0,0,0
0,0,4,0,2,0,5,3,0,4,5,0,0,0,0,5,0,0,0,0,4,5,0,0,0,0,0,5,0,0,0,4,0,0,5,0,0,0,0,0
0,0,4,0,2,0,5,0,0,4,5,0,0,0,0,5,0,0,0,0,4,5,0,0,4,0,0,0,0,0,0,4,3,0,0,0,0,0,0,0
0,4,4,0,5,3,5,3,0,4,0,0,5,4,0,5,0,0,0,0,4,5,0,0,4,0,0,0,0,0,0,4,3,0,0,0,0,0,4,0
0,0,4,0,2,0,5,3,0,4,0,0,5,0,0,5,0,0,0,0,4,5,0,0,0,0,0,0,0,0,0,4,3,0,0,0,5,0,0,0
0,0,4,0,2,0,5,3,0,4,0,0,4,4,0,5,0,0,0,0,4,5,0,0,4,0,0,0,0,0,0,4,3,0,0,0,0,0,0,0
0,0,4,0,2,0,5,3,0,4,0,0,4,4,0,5,0,0,0,0,4,5,0,0,4,0,0,0,0,0,0,4,3,0,0,0,0,0,0,0
0,4,4,0,5,3,5,3,0,4,0,0,0,4,0,5,0,0,0,0,4,5,0,0,4,0,0,0,0,0,0,4,3,0,0,0,0,0,4,0
0,0,4,0,2,0,5,3,0,4,0,0,5,0,0,5,0,0,0,0,4,5,0,0,0,0,0,0,0,0,0,4,3,0,0,0,5,0,0,0
0,0,4,0,2,0,5,0,0,4,2,0,4,0,0,5,0,0,0,0,4,5,0,0,0,0,0,0,0,0,0,4,3,0,0,0,0,0,4,0
0,0,4,0,2,0,5,3,0,4,5,0,0,0,0,5,0,0,0,0,4,5,0,0,0,0,0,0,0,0,0,4,3,0,0,0,0,0,4,0
0,0,4,0,2,0,5,3,0,4,5,0,0,0,0,5,0,0,0,0,4,5,0,0,0,0,0,0,0,0,0,4,3,0,0,0,0,0,4,0
0,0,4,0,2,0,5,3,0,4,5,0,0,0,0,5,0,0,0,0,4,5,0,0,0,0,0,0,0,0,0,4,3,0,0,0,0,0,4,0
0,0,4,0,5,0,5,2,0,4,0,0,0,0,0,5,0,0,0,0,4,5,0,0,0,0,0,0,0,0,0,4,3,0,0,0,0,0,0,0
0,0,4,0,2,0,5,3,0,4,0,2,0,4,0,5,0,0,0,0,4,5,0,0,4,0,0,0,0,0,0,4,3,0,0,0,0,0,0,0
0,4,4,0,2,0,5,3,0,4,0,0,0,4,0,5,0,0,0,0,4,5,0,0,4,0,0,0,0,0,0,4,3,0,0,0,0,0,0,0
0,0,4,0,2,0,5,3,0,4,0,0,0,4,0,5,0,0,0,0,4,5,0,0,4,0,0,0,0,0,0,4,3,0,0,0,0,0,0,0
0,4,4,0,2,0,5,3,0,4,0,0,0,4,0,5,0,0,0,0,4,5,0,0,4,0,0,0,0,0,0,4,3,0,0,0,0,0,0,0
0,0,4,0,2,0,5,3,0,4,5,0,0,0,0,5,0,0,0,0,4,5,0,0,0,0,0,0,0,0,0,4,3,0,0,0,0,0,4,0
0,0,4,0,2,0,5,3,0,4,5,0,0,0,0,5,0,0,0,0,4,5,0,0,4,0,0,0,0,0,0,4,3,0,0,0,0,0,0,0
0,4,4,0,2,0,5,2,0,4,2,0,0,0,0,5,0,0,0,5,4,5,0,0,0,0,0,0,0,0,0,4,3,0,0,0,0,0,0,0
0,0,4,0,2,0,5,3,0,4,0,0,5,0,0,5,0,0,0,0,4,5,0,0,0,0,0,0,0,0,0,4,3,0,5,0,0,0,4,0
0,0,4,0,2,0,5,3,4,4,0,0,5,0,0,5,0,0,0,0,4,5,0,0,0,0,0,0,0,0,0,4,3,0,5,0,0,0,4,0
0,0,4,0,2,0,0,3,4,4,0,0,5,0,0,5,0,0,0,0,4,5,0,0,0,0,0,0,0,0,0,4,3,0,5,0,0,0,4,0
0,0,4,0,2,0,5,3,0,4,5,0,0,0,0,5,0,0,0,0,4,5,0,0,0,0,0,0,0,0,0,4,3,0,0,0,0,0,4,0
0,0,4,0,2,0,5,3,0,4,0,0,0,0,0,5,0,0,0,0,4,5,0,4,4,0,0,0,0,0,0,4,3,0,0,0,0,0,0,0
0,0,4,0,5,0,5,2,0,4,0,0,0,0,0,5,0,0,0,5,4,5,0,0,0,0,0,0,0,0,0,4,3,0,0,0,0,0,0,0
0,0,4,0,5,0,5,2,0,4,0,0,0,0,0,5,0,0,0,5,4,5,0,0,0,0,0,0,0,0,0,4,3,0,0,0,0,0,0,0
0,0,4,0,2,0,5,3,0,4,5,0,5,0,0,5,0,0,0,0,4,5,0,0,0,0,0,0,0,0,0,4,3,0,0,0,0,0,4,0
0,0,4,0,2,0,5,3,0,4,5,0,0,0,0,5,0,0,0,0,4,5,0,0,0,0,0,0,0,0,0,4,3,0,0,0,0,0,0,0
0,0,4,0,2,0,5,3,4,4,0,0,5,0,0,5,0,0,0,0,4,5,0,0,0,0,0,0,0,0,0,4,3,0,5,0,0,0,4,0
0,0,4,0,2,0,5,3,0,4,0,0,0,0,0,5,0,0,0,0,4,5,0,0,0,0,0,0,0,0,0,4,3,0,0,0,0,0,0,0
0,0,4,0,2,0,5,3,0,4,2,0,0,0,0,5,0,0,0,0,4,5,0,4,0,0,0,0,0,0,0,4,3,0,0,0,0,0,0,0
0,0,4,0,5,0,5,2,0,4,0,0,0,0,0,5,0,0,0,5,4,5,0,0,0,0,0,0,0,0,0,4,3,0,0,0,0,0,0,0
0,0,4,0,5,0,5,0,0,4,0,5,5,0,0,5,0,0,0,0,4,5,0,0,4,0,0,0,0,0,0,4,3,0,0,0,0,0,4,0
0,0,4,0,5,0,5,2,0,4,0,0,0,0,0,5,0,0,0,0,4,5,0,0,0,0,0,0,0,0,0,4,3,0,0,0,0,0,0,0
0,4,4,0,2,0,5,3,0,4,0,0,0,4,0,5,0,4,0,0,4,5,0,0,4,0,0,0,0,0,0,4,3,0,0,0,0,0,0,0
0,0,4,0,2,0,5,3,0,4,5,0,0,0,0,5,0,0,0,0,4,5,0,0,0,0,0,0,0,0,0,4,3,0,0,0,0,0,4,0
0,0,4,0,5,0,5,2,0,4,0,5,0,0,0,5,0,0,0,0,4,5,0,0,0,0,0,0,0,0,0,4,3,0,0,0,2,0,0,0
0,0,0,0,2,0,5,3,0,4,0,5,0,0,0,5,0,0,0,0,4,5,0,3,0,0,0,0,0,0,0,4,3,0,0,0,0,0,0,0
0,0,0,0,2,0,0,3,0,0,0,0,5,0,0,5,0,0,4,0,4,5,0,0,0,0,0,0,0,0,0,4,3,0,0,0,0,0,0,0
0,0,0,0,5,0,5,2,0,0,0,5,0,0,0,5,0,0,4,0,4,5,0,0,0,0,0,0,0,0,0,4,3,0,0,0,0,0,0,0
0,4,0,0,2,0,5,2,0,0,2,0,0,0,0,5,0,4,4,0,4,5,0,0,0,0,0,0,0,0,0,4,3,0,0,0,0,0,0,0
0,0,0,0,2,0,5,3,4,0,0,0,5,0,0,5,0,0,4,0,4,5,0,0,0,0,0,0,0,0,0,4,3,0,5,0,0,0,4,0
0,0,0,0,2,0,5,2,0,0,2,0,0,0,0,5,0,0,4,0,4,5,0,0,0,0,0,0,0,0,0,4,3,0,0,0,0,0,0,0
0,0,0,0,2,0,5,3,0,0,0,5,0,0,0,5,0,0,4,0,4,5,0,3,0,0,0,0,0,0,0,4,3,0,0,0,0,0,0,0
0,0,4,0,2,0,0,3,0,4,0,0,5,0,3,5,0,0,0,0,0,5,0,0,0,0,0,0,0,0,0,4,3,0,0,0,0,0,4,0
0,0,4,0,2,0,5,3,0,4,0,0,5,0,0,5,0,0,0,0,4,0,0,4,4,0,0,0,0,0,0,4,3,0,0,0,0,0,4,0
0,0,4,0,5,0,5,2,0,4,0,0,0,0,0,5,0,0,0,0,4,5,0,0,0,0,0,0,0,0,0,4,3,0,0,0,0,0,0,0
0,0,4,0,2,0,5,3,0,4,0,0,5,0,3,5,0,0,0,0,4,0,0,0,0,0,0,0,0,0,0,4,3,0,0,0,0,0,0,0
0,0,4,0,5,0,0,2,0,4,0,0,0,0,0,5,0,0,0,5,4,5,0,0,4,0,0,0,0,0,3,4,3,0,0,0,0,0,0,0
0,0,4,0,2,0,5,3,0,4,5,0,0,0,0,5,0,0,0,0,4,5,0,0,0,4,0,0,0,0,0,4,3,0,0,0,0,0,0,0
0,4,4,0,2,0,5,3,0,4,0,0,4,4,0,5,0,0,0,0,4,5,0,0,4,0,0,0,0,0,0,4,3,0,0,0,0,0,0,0
0,4,4,0,2,0,5,2,0,4,2,0,5,0,0,5,0,0,0,0,4,5,0,0,0,0,0,0,0,0,0,4,3,0,0,0,0,0,0,0
0,0,4,0,5,4,5,3,0,4,0,0,0,0,0,5,0,0,0,0,4,5,0,0,4,0,0,0,0,0,0,4,3,0,0,0,0,0,0,0
0,0,4,0,2,0,5,3,0,4,2,5,0,0,0,5,0,0,0,0,4,5,0,0,0,0,0,0,0,0,0,4,3,0,0,0,0,0,0,0
0,0,4,0,2,0,5,3,0,4,0,0,5,0,3,5,0,3,0,0,4,5,0,0,0,0,0,0,0,0,0,4,3,0,0,0,0,0,0,0
0,0,4,0,2,0,5,3,0,4,5,0,5,0,0,5,0,0,0,0,4,5,0,0,0,4,0,0,0,0,0,4,3,0,0,0,0,0,0,0
0,0,4,0,2,4,0,3,0,4,0,0,0,0,0,5,0,0,0,0,4,5,0,0,4,0,0,0,0,0,0,4,0,0,0,0,0,0,0,0
0,0,4,0,2,4,0,3,0,4,0,0,0,0,0,5,0,0,0,0,4,5,0,0,4,0,0,0,0,0,0,4,3,0,0,0,0,0,0,0
0,0,4,0,2,0,5,3,0,4,5,0,0,0,0,5,0,0,0,0,4,5,0,0,0,4,0,0,0,0,0,4,3,0,0,0,0,0,4,0
0,0,4,0,2,0,5,2,0,4,2,0,0,0,0,5,0,0,0,0,4,5,0,0,0,0,0,0,0,0,0,4,3,0,0,0,0,0,0,0
0,0,4,0,2,0,5,3,0,4,0,0,5,0,0,5,0,3,0,0,4,5,0,0,0,0,0,0,0,0,0,4,3,0,0,0,0,0,0,0
0,0,4,0,2,0,5,3,0,4,0,0,5,0,0,5,0,0,0,0,4,2,0,4,0,4,0,0,0,0,0,4,3,0,0,0,0,0,0,0
0,0,4,0,5,0,5,3,0,4,0,0,5,0,0,5,0,0,0,0,4,5,0,0,0,0,0,0,0,0,0,4,3,0,0,0,5,0,0,0
0,0,4,0,2,0,5,3,0,4,5,0,0,0,0,5,0,0,0,0,4,2,0,0,0,4,0,0,0,0,0,4,3,0,0,0,0,0,4,0
0,0,4,0,5,0,5,3,0,4,0,0,0,0,0,5,0,0,0,0,4,5,0,0,0,0,0,0,0,0,0,4,3,0,0,0,2,0,0,0
0,4,4,0,5,0,5,2,0,4,0,0,0,0,0,5,0,0,0,0,4,5,0,4,0,0,0,0,0,0,0,4,3,0,0,0,0,0,0,0
0,0,0,0,5,0,5,2,0,0,0,0,4,0,0,5,0,0,2,0,4,5,0,0,0,0,0,0,0,0,0,4,3,0,0,0,0,0,0,0
0,0,0,0,2,0,0,3,0,0,5,0,0,0,0,5,0,0,4,0,4,5,0,0,4,0,0,0,0,0,0,4,3,0,0,0,0,0,0,0
0,0,0,0,2,0,0,3,0,0,0,0,0,0,0,5,0,0,4,0,4,5,0,0,0,0,0,5,0,0,0,4,3,0,0,0,5,0,0,0
0,0,4,0,5,0,5,3,0,4,2,0,0,0,0,2,0,0,0,0,4,5,0,0,0,0,0,0,0,0,0,4,3,0,0,0,0,0,0,0
0,0,4,0,2,0,5,2,0,4,0,0,4,0,0,5,0,0,0,0,4,3,0,0,0,0,0,3,0,5,0,4,3,0,0,0,0,0,0,0
0,0,4,0,2,0,5,3,0,4,0,0,0,0,0,5,0,0,0,0,4,2,0,4,4,0,0,3,0,0,0,4,3,0,0,0,2,0,0,0
0,0,4,0,2,0,5,2,0,4,0,0,0,0,0,2,0,0,0,0,4,5,0,0,0,0,0,0,0,0,0,4,3,0,0,0,0,0,0,0
0,4,4,0,5,0,5,3,0,3,0,0,0,0,0,5,0,0,0,0,2,5,0,0,4,0,0,5,0,0,0,4,3,0,0,0,0,0,0,0
0,0,4,0,5,0,5,3,0,4,0,5,0,0,0,5,0,0,0,0,4,5,0,0,0,0,0,5,0,0,0,4,3,0,0,0,0,0,0,0
0,0,4,0,5,0,5,0,0,4,0,0,0,0,0,5,0,0,0,0,4,5,0,0,4,0,0,0,0,0,0,4,3,0,0,0,0,0,0,0
5,0,4,0,5,0,5,3,0,4,0,0,0,0,0,2,2,0,0,0,4,5,0,0,0,0,0,0,0,0,0,4,3,0,0,0,0,0,0,0
0,0,4,0,2,0,5,3,0,4,2,0,5,0,0,5,0,4,0,0,4,5,0,0,4,0,0,3,0,0,4,4,3,0,0,0,0,0,0,0
0,0,4,0,2,0,5,2,0,4,0,0,0,0,0,5,0,4,0,0,4,5,0,0,0,3,0,3,0,0,0,4,3,0,0,0,0,0,0,0
0,4,4,0,2,0,5,3,0,4,5,0,0,0,0,5,0,0,0,0,4,5,0,0,4,4,0,0,0,0,0,4,3,0,0,0,0,0,0,0
0,0,4,0,5,0,5,3,0,4,0,0,5,0,0,5,0,0,0,0,4,5,0,0,0,0,0,0,0,0,0,4,3,0,0,0,0,0,0,0
0,0,4,0,5,0,5,3,0,4,0,0,5,0,0,5,0,0,0,5,4,5,0,0,4,0,0,0,0,0,0,4,3,0,0,0,0,0,0,0
0,4,4,0,2,0,0,3,0,4,5,0,0,0,0,5,0,0,0,0,4,5,2,0,4,0,0,0,0,0,0,4,3,0,0,0,0,0,0,0
0,4,4,0,2,0,5,3,0,4,2,0,0,0,0,5,0,0,0,0,4,5,5,0,4,0,0,0,0,0,0,4,3,5,0,0,0,0,0,0
0,0,4,0,2,0,0,0,0,4,0,5,0,0,0,0,0,0,0,0,4,0,5,0,0,0,0,5,0,0,0,4,0,0,0,0,0,0,5,0
0,4,4,4,2,0,5,3,0,4,5,0,0,0,0,5,0,0,0,0,4,5,2,0,0,0,0,0,0,0,0,4,3,0,0,0,0,0,4,0
0,0,4,0,5,0,5,2,0,4,2,0,0,0,0,5,0,0,0,0,4,5,5,0,0,0,0,3,0,0,0,4,3,5,0,0,0,0,4,0
0,4,4,0,2,4,5,3,0,4,2,0,0,4,0,5,0,0,0,0,4,5,2,0,4,0,2,3,0,0,0,4,3,5,0,0,0,0,0,0
0,0,4,0,5,0,5,2,0,4,2,0,0,0,0,5,0,0,0,0,4,5,0,0,0,0,0,0,0,0,0,4,3,5,0,0,0,0,0,0
0,0,4,0,2,0,5,3,0,4,2,0,5,0,3,5,0,0,0,0,0,5,0,0,0,0,0,0,0,0,0,4,3,0,0,0,0,0,0,0
0,0,4,0,5,0,5,3,0,4,2,0,0,0,0,2,0,4,0,0,4,5,2,0,0,0,0,0,0,0,0,4,3,5,0,0,0,0,0,0
0,0,4,0,2,0,0,3,0,4,2,0,0,0,0,5,0,0,0,0,4,5,0,4,4,0,0,5,0,0,0,4,3,0,0,0,0,0,0,0
0,4,4,0,2,0,5,3,0,4,5,0,0,0,0,5,0,0,0,0,4,5,2,0,0,0,0,5,0,0,0,4,3,0,0,0,0,0,4,0
0,0,4,0,5,0,5,2,0,4,0,0,0,0,0,5,0,0,0,0,4,5,0,0,4,0,0,0,0,0,0,4,3,0,0,0,0,0,0,0
0,4,4,0,5,0,5,3,0,4,0,0,5,0,0,5,0,0,0,0,4,5,0,0,4,0,0,0,0,0,0,4,3,0,0,0,2,0,0,0
0,4,4,0,2,0,0,0,0,4,2,0,0,0,0,0,0,0,0,0,4,0,0,0,0,0,0,0,0,0,0,4,0,0,0,0,0,0,0,0
0,4,4,0,5,0,5,2,3,4,0,0,0,0,0,5,0,0,0,0,4,5,0,0,0,0,0,0,0,0,0,4,3,0,0,0,0,0,0,0
0,4,4,0,2,0,5,2,0,4,2,0,0,0,0,5,0,0,0,0,4,5,0,0,0,0,0,3,0,0,0,4,3,0,0,0,0,0,0,0
0,4,4,0,2,0,5,3,0,4,0,0,4,4,0,5,0,0,0,0,4,5,0,0,4,0,0,3,0,0,0,4,3,0,0,0,0,0,0,0
0,4,4,0,5,0,5,3,0,4,0,0,0,0,0,2,0,0,0,5,4,5,0,0,0,0,0,0,0,0,3,4,3,0,0,0,0,0,4,0
0,0,4,0,2,0,5,3,0,4,0,0,5,0,0,5,0,0,0,0,4,5,0,0,0,0,0,5,0,0,0,4,3,0,0,0,0,0,4,0
0,4,4,0,2,0,5,3,0,4,5,0,0,0,0,5,0,0,0,0,4,5,0,0,0,0,0,0,0,0,0,4,3,0,0,0,0,0,0,0
0,0,4,0,5,0,5,3,0,4,0,0,5,0,0,5,0,0,0,0,4,2,0,0,4,0,0,0,0,0,0,4,3,0,0,0,0,0,0,0
0,4,4,0,2,0,5,3,0,4,5,0,5,0,0,5,0,0,0,0,4,5,0,0,0,0,0,0,0,0,0,4,3,0,0,0,0,0,0,0
0,4,4,0,5,0,5,3,0,4,0,0,0,0,0,2,0,0,0,0,4,5,0,0,0,0,0,0,0,0,0,4,3,0,0,0,0,0,0,0
0,4,4,0,2,0,5,3,0,4,5,0,0,0,0,5,0,0,0,0,4,5,0,0,0,0,0,0,0,0,0,4,3,0,0,0,0,0,0,0
0,4,4,0,2,0,5,2,0,4,0,0,0,0,0,5,0,0,0,0,4,5,0,0,0,0,0,3,0,0,0,4,3,0,0,0,0,0,4,0
0,4,4,0,2,0,5,2,0,4,2,0,0,0,0,5,0,0,0,0,4,5,0,0,0,0,0,3,0,0,0,4,0,0,0,0,0,0,4,0
0,4,4,0,2,0,5,2,0,4,2,5,4,0,0,5,0,0,0,0,4,5,0,0,0,0,0,3,0,0,0,4,3,0,0,0,0,0,4,0
0,4,4,0,2,0,5,3,0,4,0,0,4,4,0,5,0,0,0,0,4,5,0,0,4,0,0,3,0,0,0,4,3,0,0,0,0,0,0,0
0,0,4,0,5,3,5,2,0,4,5,0,0,0,0,5,0,0,0,0,4,5,0,0,0,0,0,0,0,0,0,4,3,0,0,0,0,0,0,0
0,0,4,0,5,0,0,2,0,4,0,0,0,0,0,5,0,0,0,0,4,5,0,0,0,0,0,0,0,0,0,4,3,0,0,0,0,0,0,0
0,4,4,0,2,0,5,3,0,4,0,0,5,0,3,5,0,0,0,0,4,5,0,0,0,0,0,3,5,0,0,4,3,0,0,0,0,4,4,0
0,4,4,0,2,0,5,3,0,4,5,0,0,0,0,5,0,0,0,0,4,5,0,0,0,0,0,5,0,0,0,4,3,0,0,0,0,0,4,0
0,0,4,0,2,0,5,3,0,4,2,5,0,0,0,5,0,0,0,0,4,5,0,0,0,0,0,0,0,0,0,4,3,0,0,0,0,0,4,0
0,4,4,0,2,0,0,0,0,4,2,0,0,0,0,0,0,0,0,0,4,0,0,0,0,0,0,0,0,0,0,4,0,0,0,0,0,0,0,0
0,4,4,0,2,0,5,3,0,4,5,0,0,0,0,5,0,0,0,0,4,5,0,0,0,0,0,0,0,0,0,4,3,0,0,0,0,0,4,0
0,4,4,0,5,0,5,2,3,4,0,0,0,0,0,5,0,0,0,0,4,5,0,0,0,0,0,0,0,0,0,4,3,0,0,0,0,0,0,0
0,0,4,0,2,0,5,3,0,4,0,0,0,0,0,5,0,0,0,0,4,5,0,0,0,0,0,0,0,0,0,4,3,0,0,0,0,0,0,0
0,0,4,0,2,0,5,2,0,4,2,0,0,0,0,5,0,0,0,0,4,5,0,0,0,0,0,5,0,0,0,4,3,0,0,0,0,0,0,0
0,0,4,0,2,0,5,3,0,4,2,5,0,0,0,5,0,0,0,0,4,5,0,0,0,0,0,0,0,0,0,4,3,0,0,0,0,0,4,0
0,4,4,0,2,0,5,3,0,4,2,0,0,4,0,5,0,0,0,0,4,5,0,0,0,0,0,0,0,0,0,4,3,0,0,0,0,0,0,0
0,0,4,0,2,0,5,3,0,4,0,0,0,0,0,5,0,0,0,0,4,5,0,0,0,0,0,0,0,0,0,4,3,0,0,0,0,0,0,0
0,4,4,0,2,0,0,3,0,4,0,0,0,0,0,5,0,0,0,0,4,5,0,0,0,0,0,5,0,0,0,4,3,0,0,0,2,0,0,0
0,4,4,0,2,0,5,3,0,4,5,0,0,0,0,5,0,0,0,0,4,5,0,0,4,0,0,0,0,0,0,4,3,0,0,0,0,0,0,0
0,4,4,0,2,0,5,3,0,4,5,0,5,0,0,5,0,0,0,0,4,5,0,0,4,0,0,3,0,0,0,4,3,0,0,0,0,0,0,0
0,0,4,0,2,0,5,3,0,4,0,5,0,0,0,5,0,0,0,0,4,5,0,0,0,0,0,0,0,0,0,4,3,0,0,0,0,0,0,0
0,0,4,0,5,0,5,0,0,4,0,0,0,0,0,5,0,0,0,0,4,2,0,0,4,0,0,5,5,0,0,4,3,0,0,0,0,4,0,0
0,0,4,0,5,0,5,3,4,4,0,0,0,0,0,5,0,0,0,0,4,5,0,0,0,0,0,0,0,0,0,4,3,0,0,0,0,0,0,0
0,0,4,0,2,0,5,3,0,4,2,0,0,0,0,5,0,0,0,0,4,5,0,0,0,0,0,0,0,0,0,4,3,0,0,0,0,0,0,0
0,0,4,0,5,0,5,2,0,4,2,0,0,0,0,5,0,0,0,0,4,5,5,0,0,0,0,0,0,0,0,4,3,5,0,0,0,0,0,0
0,0,4,0,5,0,5,3,0,4,2,0,0,0,0,5,0,0,0,0,4,5,5,0,0,0,0,0,0,0,0,4,3,5,0,0,0,0,0,0
0,0,4,0,5,0,0,3,0,4,2,0,0,0,0,5,0,0,0,0,4,5,5,0,0,0,4,3,0,0,0,4,3,5,0,0,0,0,0,0
0,0,4,0,5,0,0,3,0,4,2,0,0,0,0,5,0,0,0,0,4,5,5,0,0,0,0,0,0,0,0,4,3,5,0,0,0,0,0,0
0,4,4,0,2,0,5,3,0,4,5,0,5,0,0,5,0,0,0,0,4,5,2,0,0,0,0,0,0,0,0,4,3,0,0,0,0,0,0,0
0,4,4,0,2,0,5,3,0,4,5,0,5,0,0,5,0,0,0,0,4,5,0,0,0,0,0,0,0,0,0,4,3,0,0,0,0,0,0,0
0,0,4,0,5,0,5,2,0,4,0,0,5,0,0,2,0,0,0,0,4,5,5,0,0,0,0,0,5,0,0,4,0,3,0,0,0,0,0,0
0,0,4,0,5,0,5,3,0,4,2,0,0,0,0,5,0,0,0,0,4,5,2,0,0,0,0,0,0,0,0,4,0,0,0,0,0,0,0,0
0,0,4,0,5,0,5,2,0,4,0,0,5,0,0,2,0,0,0,0,4,5,5,0,0,0,0,0,0,0,0,4,3,3,0,0,0,0,0,0
5,0,4,0,5,0,5,2,0,4,0,0,0,0,0,5,2,0,0,0,4,5,0,0,0,0,0,0,0,0,0,4,3,0,0,0,0,0,0,0
0,0,4,0,5,0,0,3,0,0,0,5,0,0,0,5,0,0,0,0,4,5,0,0,0,0,0,5,0,0,0,4,3,0,0,0,0,0,0,0
0,0,4,0,0,0,0,3,0,0,0,0,0,0,0,5,0,4,0,0,4,0,0,0,0,0,0,0,0,0,0,4,3,0,0,0,0,0,0,0
0,4,4,0,2,0,5,0,0,0,0,0,0,0,0,5,0,4,0,0,4,5,0,0,0,0,0,0,0,0,0,0,3,0,0,0,0,0,0,0
0,0,4,0,5,0,5,0,0,4,0,0,0,0,0,0,0,4,0,0,4,5,0,0,0,0,0,0,0,0,0,4,0,0,0,0,0,0,0,0
0,4,0,0,2,0,5,3,0,4,0,0,0,4,0,2,0,4,0,0,0,0,0,0,0,0,0,0,5,0,0,4,3,0,0,0,0,0,0,0
0,0,4,0,2,0,5,0,0,4,0,0,0,0,0,5,0,0,0,0,4,0,0,0,4,0,0,0,0,0,0,4,3,0,0,0,0,0,0,0
0,0,4,0,5,0,0,2,0,0,0,0,5,0,0,2,0,0,0,0,0,5,0,0,0,0,0,0,0,0,0,4,3,0,0,0,0,0,0,0
0,0,4,0,5,0,5,2,0,4,0,0,0,0,0,0,0,0,0,0,4,5,0,0,0,0,0,3,0,5,0,4,3,0,0,0,0,0,0,0
0,4,0,0,2,0,5,0,0,4,0,0,0,0,0,5,0,4,0,0,4,0,0,0,0,0,0,0,0,0,0,4,3,0,0,0,0,0,0,0
0,4,4,0,2,0,5,0,0,4,0,0,0,0,0,5,0,0,0,0,0,0,0,0,0,0,0,0,0,0,0,4,3,0,0,0,0,0,0,0
0,0,4,0,2,0,0,0,0,4,0,0,0,0,0,0,0,0,0,0,4,0,0,0,0,0,0,0,0,0,0,4,0,0,0,0,0,0,4,0
0,0,4,0,5,0,5,3,0,4,0,0,0,0,0,5,0,4,0,0,4,5,0,0,0,0,0,5,0,0,0,4,3,0,0,0,0,0,0,0
0,4,4,0,2,0,5,3,0,4,0,0,0,0,0,5,0,0,0,0,4,5,0,0,4,0,0,0,0,0,0,4,3,0,0,0,0,0,0,0
0,0,4,0,5,0,5,3,0,4,0,5,0,0,0,2,0,3,0,0,4,5,0,0,0,0,0,0,0,0,0,4,3,0,0,0,0,0,0,0
0,0,4,4,5,4,5,0,0,4,0,0,0,0,0,5,0,0,0,0,4,5,0,0,0,0,0,0,0,0,0,4,3,0,0,0,0,0,0,0
0,0,4,0,5,0,0,2,0,4,0,0,0,0,0,5,0,4,0,0,4,5,0,0,0,0,0,5,5,0,0,4,3,0,0,0,0,0,0,0
0,0,4,0,5,0,0,3,0,4,0,0,0,0,0,5,0,4,0,0,4,5,0,0,0,0,4,5,0,5,0,4,3,0,0,0,5,0,0,0
0,0,4,0,5,0,5,3,0,4,0,5,0,0,0,5,0,0,0,0,4,5,0,0,4,0,0,0,0,0,0,4,3,0,0,0,0,0,0,0
0,0,0,0,0,0,0,2,0,0,0,0,0,0,0,2,0,0,0,0,4,0,0,0,0,0,0,0,0,0,0,0,3,0,0,0,0,0,0,0
0,4,4,0,2,0,5,3,0,4,0,0,0,0,0,5,0,0,0,0,4,5,0,0,4,0,0,0,0,0,0,4,3,0,0,0,0,0,0,0
0,0,4,0,2,0,2,0,0,4,0,0,0,0,0,0,0,0,0,0,4,0,0,0,0,0,0,0,5,0,0,0,3,0,0,0,0,0,0,0
0,4,4,0,2,0,5,3,0,4,0,0,0,0,0,5,0,4,0,0,0,5,0,0,0,0,0,0,0,0,0,4,3,0,0,0,0,0,0,0
0,4,4,0,2,0,5,3,0,4,0,0,0,0,0,5,0,4,0,0,4,5,0,0,4,0,0,0,0,0,0,4,3,0,0,0,0,0,0,0
0,0,4,4,2,0,0,3,0,4,0,0,0,0,0,5,0,0,0,0,4,5,0,0,0,0,0,0,0,0,0,4,3,0,0,0,0,0,0,0
0,0,0,0,2,0,5,3,0,4,0,0,0,0,0,5,0,0,0,0,4,5,0,0,0,0,0,0,0,0,0,4,3,0,0,0,0,4,0,0
0,4,4,0,2,0,5,3,0,4,0,5,0,4,0,5,0,4,0,0,4,5,0,0,0,0,0,3,0,0,0,4,3,0,0,0,0,0,0,0
0,4,4,0,2,0,5,3,0,4,0,0,0,0,0,5,0,0,0,0,4,5,0,0,4,0,0,0,0,0,0,4,3,0,0,0,0,0,0,0
0,0,4,0,5,0,5,3,0,4,2,0,0,0,0,5,0,0,0,0,4,5,2,0,0,0,0,0,0,0,0,4,3,0,0,0,0,0,0,0
5,0,4,0,5,0,5,3,0,4,2,5,0,0,0,2,2,4,0,0,4,5,0,0,0,0,0,5,0,0,0,4,3,0,0,0,0,0,0,0
0,4,4,0,2,0,0,3,0,4,2,0,0,0,0,5,0,0,0,0,4,5,2,0,0,0,0,5,0,0,0,4,3,0,0,0,0,0,0,0
0,0,4,0,5,0,5,3,0,4,2,0,0,0,0,5,0,0,0,0,4,5,5,0,4,0,0,0,5,0,0,4,3,0,0,0,0,4,0,0
0,0,4,0,5,0,5,3,0,4,2,5,0,0,0,5,0,0,0,0,4,2,5,0,0,0,0,0,0,0,0,4,3,5,0,0,0,0,0,0
0,4,4,0,5,0,5,2,0,4,2,0,0,0,0,5,0,0,0,0,4,5,0,0,0,0,0,0,0,0,0,4,3,5,0,0,0,0,0,0
0,0,4,0,5,0,5,3,0,4,2,0,0,0,0,5,0,0,0,0,4,5,5,0,4,0,0,5,5,0,0,4,3,0,0,0,0,4,0,0
0,4,4,0,2,0,5,3,0,4,5,0,5,0,0,5,0,0,0,0,4,5,2,0,4,0,0,0,0,0,0,4,3,0,0,0,0,0,0,0
0,0,4,0,5,0,5,2,0,4,0,0,0,0,0,5,0,0,0,0,4,5,0,0,0,0,0,0,0,0,0,4,0,0,0,0,0,0,0,0
0,0,4,0,5,0,5,3,0,4,0,5,0,0,0,5,0,0,0,0,4,5,0,0,0,0,0,0,0,0,0,4,3,0,0,0,0,0,0,0
0,0,4,0,2,0,5,2,0,4,0,0,0,0,0,2,0,4,0,0,4,5,0,0,0,0,0,0,0,0,0,4,3,0,0,0,0,0,0,0
0,4,4,0,5,0,5,3,0,4,0,0,0,0,0,5,0,4,0,0,4,5,0,0,3,0,0,3,0,0,0,4,3,0,0,0,0,0,0,0
0,4,4,0,2,0,5,3,0,4,0,0,0,0,0,5,0,4,0,0,4,5,0,0,4,0,0,0,0,0,0,4,3,0,0,0,0,0,4,0
0,0,4,0,5,0,5,3,0,4,0,0,0,0,0,5,0,0,0,0,4,5,0,0,4,0,0,5,5,0,0,4,3,0,0,0,0,0,0,0
0,0,4,0,5,0,5,2,0,4,0,0,0,0,0,5,0,4,0,0,4,5,0,0,0,0,0,0,0,0,0,4,3,0,0,0,0,0,0,0
0,4,4,0,5,0,5,2,0,4,0,5,0,0,0,5,0,4,0,0,4,5,0,0,0,0,4,0,0,0,0,4,3,0,0,0,0,0,0,0
0,4,4,0,2,0,0,0,0,4,0,0,0,0,0,0,0,0,0,0,4,0,0,0,0,0,0,0,0,0,3,4,0,0,0,0,0,0,0,0
0,4,4,0,5,0,5,3,0,4,0,0,0,0,0,5,0,4,0,0,4,5,0,0,3,0,0,3,0,0,0,4,3,0,0,0,0,0,0,0
0,4,4,0,5,0,5,2,0,4,0,5,5,0,0,5,0,4,0,2,4,5,0,0,0,0,0,0,0,0,0,4,3,0,0,0,0,0,0,0
0,0,4,0,5,0,5,3,0,4,0,5,0,0,0,2,0,4,0,0,4,5,0,0,0,0,0,0,0,0,0,4,3,0,0,0,0,0,0,0
0,4,4,0,2,0,5,3,0,4,0,0,0,0,0,5,0,4,0,0,4,5,0,0,0,0,0,0,0,0,0,4,3,0,0,0,0,0,0,0
0,4,4,0,5,0,5,2,0,4,0,0,0,0,0,5,0,4,0,0,4,5,0,0,0,0,0,0,0,0,0,4,3,0,0,0,0,0,0,0
0,0,4,0,2,4,5,3,0,4,0,0,0,0,0,5,0,4,0,0,4,5,0,0,0,0,0,0,0,0,0,4,3,0,0,0,0,0,0,0
0,4,4,0,2,0,5,3,0,4,0,0,0,0,0,5,0,4,0,0,4,5,0,0,0,0,0,0,0,0,0,4,3,0,0,0,0,0,0,0
0,4,4,0,5,0,5,2,0,4,0,0,5,0,0,5,0,0,0,0,4,5,0,0,0,0,4,0,0,0,0,4,3,0,0,0,0,0,0,0
0,4,4,0,2,0,5,3,0,4,0,0,0,0,0,5,0,4,0,0,4,5,0,0,0,0,0,0,0,0,0,4,3,0,0,0,0,0,0,0
0,0,4,0,5,0,5,2,0,4,0,0,0,0,0,5,0,0,0,0,4,5,0,0,0,0,0,3,0,0,0,4,3,0,0,0,2,0,0,0
0,0,4,0,2,0,5,3,0,4,0,0,0,0,3,5,0,0,0,0,4,5,0,0,0,0,0,5,0,0,0,4,3,0,0,0,0,0,0,0
0,4,4,0,5,0,5,3,0,4,0,0,0,0,0,2,0,4,0,5,4,5,0,0,0,0,0,0,0,0,0,4,3,0,0,0,0,0,0,0
0,0,4,0,5,0,5,3,0,4,0,0,0,0,0,5,0,0,0,0,4,5,0,0,4,0,0,0,0,5,0,4,3,0,0,0,0,0,0,0
0,0,4,0,2,4,0,3,0,4,0,0,0,0,0,5,0,0,0,0,4,5,0,0,0,0,0,0,0,0,0,4,3,0,0,0,0,0,0,0
0,4,4,0,2,0,5,2,0,4,0,0,0,0,0,5,0,0,0,0,4,5,0,0,0,0,0,0,0,0,0,4,3,0,0,0,0,0,0,0
0,4,4,0,2,0,5,3,0,4,0,0,0,0,0,5,0,0,0,0,4,5,0,0,0,0,0,0,0,0,0,4,3,0,0,0,0,0,0,0
0,4,4,0,2,0,5,3,0,4,0,0,0,0,0,5,0,4,0,0,4,5,0,0,0,0,0,0,0,0,0,4,3,0,0,0,0,0,0,0
0,4,4,0,2,0,5,2,0,4,0,0,0,0,0,5,0,4,0,0,4,5,0,0,0,0,0,0,0,0,0,4,3,0,0,0,0,0,0,0
0,4,4,0,2,0,0,3,0,4,0,0,5,0,0,5,0,4,0,0,4,5,0,0,0,0,0,0,0,0,0,4,3,0,0,0,0,0,0,0
0,0,0,0,2,0,5,3,0,4,0,5,0,0,0,5,0,4,0,0,4,5,0,0,0,0,0,3,0,0,0,4,3,0,0,0,0,0,0,0
0,4,4,0,2,0,5,3,0,4,0,0,0,0,0,5,0,4,0,0,4,5,0,0,0,0,0,0,0,0,0,4,3,0,0,0,0,0,0,0
0,0,4,0,5,0,5,3,0,4,0,5,0,0,0,5,0,4,0,0,4,5,0,0,0,0,0,5,0,0,0,4,3,0,0,0,0,0,0,0
0,4,4,0,2,0,5,3,0,4,0,0,0,0,0,5,0,4,0,0,4,5,0,0,0,0,0,0,0,0,0,4,3,0,0,0,0,0,0,0
0,0,4,4,5,0,2,3,0,4,0,5,0,0,0,5,0,4,0,0,4,5,0,0,0,0,0,0,0,0,0,4,3,0,5,0,0,0,0,0
0,4,4,0,2,0,5,3,0,4,0,0,0,0,0,5,0,4,0,0,4,5,0,0,0,0,0,0,0,0,0,4,3,0,0,0,0,0,0,0
0,0,4,0,5,0,5,0,0,4,0,0,0,0,0,5,0,0,0,0,4,5,0,0,0,0,0,5,0,0,0,4,3,0,0,0,5,0,0,0
0,0,4,4,5,0,2,3,0,4,0,5,0,0,0,5,0,4,0,0,4,5,0,0,0,0,0,0,0,0,0,4,3,0,5,0,0,0,0,0
0,0,4,0,5,0,5,2,0,4,0,0,0,0,0,5,0,4,0,5,4,5,0,0,0,0,0,0,0,0,0,4,3,0,0,0,0,0,0,0
0,0,4,0,5,0,5,2,0,4,0,0,0,0,0,5,0,0,0,0,4,5,0,0,0,0,0,0,0,0,0,4,3,0,0,0,2,0,0,0
0,0,4,0,5,0,5,0,0,4,0,0,0,0,0,5,0,0,0,0,4,5,0,0,0,0,0,5,0,5,0,4,3,0,0,0,5,0,0,0
0,0,4,0,2,0,5,3,0,4,0,0,0,0,0,5,0,0,0,0,4,5,0,0,0,0,0,5,0,5,4,4,3,0,0,0,0,0,0,0
0,4,4,0,2,0,5,2,0,4,0,0,0,0,0,5,0,4,0,0,4,5,0,0,0,0,0,0,0,0,0,4,3,0,0,0,0,0,0,0
0,4,4,0,5,0,5,2,0,4,0,0,5,0,0,5,0,0,0,0,4,5,0,0,0,0,0,0,0,0,0,4,3,0,0,0,0,0,0,0
0,4,4,0,2,0,5,3,0,4,0,0,0,0,0,5,0,4,0,0,4,5,0,0,0,0,0,0,0,0,0,4,3,0,0,0,0,0,0,0
0,0,4,0,5,0,5,2,0,4,0,0,0,0,0,5,0,0,0,0,4,5,0,0,0,0,0,0,0,0,0,4,3,0,0,0,0,0,0,0
0,0,4,0,5,0,5,2,0,4,0,0,0,0,0,5,0,4,0,5,4,5,0,0,0,0,0,0,0,0,0,4,3,0,0,0,0,0,0,0
0,0,4,0,5,0,5,2,0,4,0,0,0,0,0,5,0,4,0,5,4,5,0,0,0,0,0,0,0,0,0,4,3,0,0,0,0,0,0,0
0,4,4,0,5,0,5,2,0,4,0,5,0,0,0,5,0,0,0,0,4,5,0,0,0,0,4,3,0,0,0,4,3,0,0,0,0,0,0,0
0,0,4,0,5,0,5,2,0,4,0,0,0,0,0,5,0,4,0,5,4,5,0,0,0,0,0,0,0,0,0,4,3,0,0,0,0,0,0,0
0,0,4,0,5,0,5,3,0,4,0,0,0,0,0,5,0,0,0,0,4,5,0,0,0,0,0,0,5,0,0,4,3,0,0,0,0,4,0,0
0,0,4,0,5,0,5,3,4,4,0,0,0,0,0,5,0,0,0,0,4,5,0,0,4,0,0,3,0,0,0,4,3,0,0,0,0,4,0,0
0,4,4,0,2,0,5,3,0,4,2,0,0,4,0,5,0,0,0,0,4,5,0,0,0,0,0,0,0,0,0,4,3,0,0,0,0,4,0,0
0,4,4,0,2,0,5,3,4,4,0,0,0,0,0,0,0,0,0,5,4,5,0,0,0,0,0,0,0,0,0,4,3,0,0,0,0,0,0,0
0,0,4,0,2,0,5,3,0,4,5,0,5,0,0,5,0,0,0,0,4,5,0,0,0,4,0,3,0,0,0,4,3,0,0,0,0,4,0,0
0,4,4,0,2,0,5,2,0,4,2,0,4,0,0,5,0,0,0,0,4,5,0,0,0,0,0,3,0,0,4,4,0,0,0,0,0,0,4,0
0,4,4,0,5,0,5,3,0,4,0,0,0,0,0,5,0,0,0,0,4,5,0,0,4,0,0,0,5,0,0,4,3,0,0,0,0,0,0,0
0,4,4,0,2,0,5,3,0,4,2,0,5,4,0,5,0,0,0,0,4,5,0,0,0,0,0,3,0,0,0,4,3,0,0,0,0,0,4,0
0,4,4,0,2,0,5,2,0,4,2,0,5,0,0,5,0,0,0,0,4,5,0,0,0,0,0,3,0,0,4,4,3,0,0,0,0,0,4,0
0,4,4,0,2,0,5,2,0,4,2,0,0,0,0,5,0,0,0,0,4,5,0,0,0,0,0,0,0,0,0,4,3,0,0,0,0,0,4,0
0,4,4,0,2,0,5,3,0,4,2,0,5,4,0,5,0,0,0,0,4,5,0,0,0,0,0,3,0,0,0,4,3,0,0,0,0,0,4,0
0,4,4,0,2,0,5,3,0,4,5,0,0,0,0,5,0,0,0,0,4,5,0,0,0,4,0,0,0,0,0,4,0,0,0,0,0,0,0,0
0,4,4,0,2,0,5,2,0,4,2,0,5,0,0,5,0,0,0,0,4,5,0,0,0,0,0,3,0,0,0,4,3,0,0,0,2,0,4,0
0,4,4,0,2,0,5,2,0,4,2,0,5,0,0,5,0,0,0,0,4,5,0,0,0,0,0,3,0,0,0,4,3,0,0,0,2,0,4,0
0,0,4,0,2,0,5,3,0,4,0,5,0,0,0,5,0,0,0,0,4,5,0,0,4,4,0,3,0,0,0,4,4,0,0,0,0,0,0,0
0,0,4,0,5,4,5,3,0,4,0,0,0,0,0,2,0,4,0,0,4,5,0,0,0,0,0,3,0,5,0,4,3,0,0,0,0,0,0,0
0,4,4,0,2,0,5,3,0,4,0,0,0,0,0,5,0,4,0,0,4,5,0,0,0,0,0,0,0,0,0,4,3,0,0,0,0,0,4,0
0,0,4,0,5,0,2,2,0,4,0,0,0,0,0,2,0,0,0,0,4,5,0,0,0,0,0,0,0,0,0,4,3,0,0,0,0,0,0,0
0,0,4,0,5,0,5,3,0,4,0,0,0,0,0,5,0,0,0,0,4,2,0,0,0,0,0,0,0,0,0,4,3,0,0,0,0,0,0,0
0,4,4,0,5,0,5,2,0,4,0,5,0,0,0,5,0,4,0,0,4,5,0,0,0,0,0,0,0,0,0,4,3,0,0,0,0,0,0,0
0,0,4,0,5,0,5,3,4,4,0,0,0,0,0,5,0,4,0,0,4,5,0,0,0,0,0,0,0,0,0,4,0,0,0,0,0,0,0,0
0,0,0,0,2,4,5,2,0,0,0,0,0,0,0,5,0,4,0,0,4,0,0,0,0,0,0,0,0,0,0,4,0,0,0,0,0,0,0,0
0,4,4,0,2,0,5,3,0,4,0,0,0,0,0,5,0,4,0,0,4,5,0,0,0,0,0,0,0,0,0,4,3,0,0,0,0,0,4,0
0,0,4,0,2,0,5,2,0,4,0,5,0,0,0,5,0,4,0,5,4,5,0,0,0,0,0,0,0,0,0,4,3,0,0,0,0,0,0,0
0,0,4,0,5,0,5,2,0,4,0,0,0,0,0,5,0,4,0,0,4,5,0,0,0,0,0,5,0,5,0,4,3,0,0,0,0,0,0,0
0,0,4,0,2,0,5,3,0,4,0,5,0,0,0,5,0,0,0,0,4,5,0,0,0,0,0,0,0,0,0,4,3,0,0,0,0,0,0,0
0,4,4,0,5,0,5,2,0,4,0,0,0,0,0,5,0,0,0,5,4,5,0,0,0,0,0,3,0,0,0,4,3,5,0,0,0,0,0,0
0,0,4,0,2,0,5,3,0,4,0,0,0,0,0,5,0,4,0,0,4,5,5,0,4,0,0,5,0,0,0,4,3,0,0,0,0,0,0,0
5,4,4,0,2,0,5,3,0,4,2,0,0,4,0,5,5,0,0,0,4,5,0,0,0,0,0,0,0,0,0,4,3,0,0,0,0,0,0,0
2,0,4,0,5,3,5,2,0,4,0,0,0,0,0,2,5,4,0,0,4,5,5,0,0,0,0,0,0,0,0,4,3,0,0,0,0,0,0,0
0,4,4,0,2,0,5,3,0,4,5,0,0,0,0,5,0,0,0,0,4,5,0,0,4,4,0,0,0,0,0,4,3,0,0,0,0,0,0,0
5,0,4,0,5,3,5,2,0,4,5,0,0,0,0,2,2,0,0,0,4,5,5,0,0,4,0,0,0,0,0,4,3,0,5,0,0,0,0,0
0,4,4,0,2,0,5,3,4,4,0,0,0,0,0,0,0,4,0,5,4,5,0,0,0,0,0,3,0,0,0,4,3,0,0,0,0,0,0,0
0,0,4,0,5,0,5,2,0,4,0,0,0,0,0,5,0,0,0,0,4,5,0,0,0,0,0,0,0,0,0,4,3,0,0,0,0,0,0,0
5,0,4,0,2,3,0,2,0,4,5,0,0,0,0,5,2,0,0,0,4,5,0,0,0,4,0,0,0,0,0,4,3,0,0,0,0,0,0,0
5,0,4,0,2,0,5,3,0,4,0,0,5,0,0,5,5,0,0,0,4,2,0,0,0,0,0,0,0,0,0,4,3,0,0,0,0,0,0,0
5,0,4,0,5,0,0,2,0,4,0,0,0,0,0,2,2,0,0,0,4,5,0,0,0,0,0,0,0,0,0,4,3,0,0,0,0,0,0,0
5,0,4,0,2,0,5,3,0,0,5,0,0,0,0,2,2,0,4,0,4,5,2,0,0,0,0,0,0,0,0,4,3,0,0,0,0,0,0,0
0,0,4,0,5,0,5,2,0,4,0,0,0,0,0,5,0,4,0,0,4,5,5,0,0,0,0,0,0,0,0,4,3,0,0,0,0,0,0,0
0,0,4,0,2,0,0,0,4,4,2,0,0,0,0,0,0,0,0,5,4,0,5,0,0,0,0,0,0,0,0,4,0,0,0,0,0,0,0,0
5,0,4,0,5,0,5,2,0,4,2,0,0,0,0,5,2,0,0,0,4,2,0,0,0,0,0,5,0,0,0,4,3,0,0,0,0,0,0,0
5,0,4,0,2,0,5,2,0,4,0,0,0,0,0,2,2,4,0,0,4,5,5,0,0,0,0,0,0,0,0,4,3,0,0,0,0,0,0,0
0,4,4,0,2,0,5,3,0,4,5,0,0,0,0,5,0,0,0,0,4,5,0,0,0,4,0,0,0,0,0,4,3,0,0,0,0,0,4,0
0,4,4,0,2,0,0,3,0,4,5,0,5,0,0,5,0,0,0,0,4,5,0,0,0,4,0,0,0,0,0,4,3,0,0,0,0,0,4,0
5,4,4,0,5,0,5,2,0,4,0,0,0,0,0,5,2,0,0,5,4,5,5,0,0,0,0,3,0,0,0,4,3,0,0,0,0,0,0,0
0,4,4,0,2,0,0,0,0,4,2,0,0,4,0,0,0,0,0,0,4,0,0,0,0,0,0,0,0,0,0,4,0,0,0,0,0,0,0,0
0,4,4,0,2,0,5,3,0,4,5,0,5,0,0,5,0,0,0,0,4,5,0,0,4,4,0,0,0,0,0,4,3,0,0,0,0,0,0,0
0,0,4,0,5,0,5,2,0,4,0,0,0,0,0,5,0,0,0,0,4,5,0,0,0,0,0,0,0,0,0,4,3,0,0,0,0,0,0,0
5,0,4,0,5,0,2,3,0,4,0,0,0,0,0,2,2,0,0,0,4,5,0,0,0,0,0,3,0,0,0,4,3,0,0,0,0,0,0,0
5,4,4,0,5,0,5,3,4,4,0,0,0,0,0,2,5,0,0,0,4,5,0,0,0,0,0,0,0,0,0,4,3,0,0,0,0,0,0,0
0,4,4,0,2,0,0,0,0,4,2,0,0,4,0,0,0,0,0,0,4,0,0,0,0,0,0,0,0,0,0,4,0,0,0,0,0,0,0,0
5,4,4,0,5,0,5,2,0,4,0,0,4,0,0,5,5,0,0,0,4,5,0,0,0,0,0,0,5,0,0,4,3,0,0,0,0,0,4,0
5,4,4,0,5,0,5,2,0,4,0,0,0,0,0,5,5,0,0,0,4,5,0,0,4,0,0,0,0,0,0,4,3,0,0,0,0,0,0,0
0,4,4,0,5,0,5,3,0,4,0,0,0,0,0,5,0,4,0,0,4,5,0,0,4,0,0,3,0,0,0,4,3,0,0,0,2,0,0,0
0,4,4,0,5,0,5,3,0,4,0,0,5,0,0,5,0,4,0,0,4,5,0,0,4,0,0,3,0,0,0,4,3,0,0,0,0,0,0,0
0,4,4,0,5,0,5,3,0,4,0,0,5,0,0,5,0,4,0,0,4,5,0,0,4,0,0,3,0,0,0,4,3,0,0,0,0,0,0,0
0,4,4,0,2,0,5,3,0,4,5,0,0,4,0,5,0,4,0,0,4,5,0,0,4,4,0,0,0,0,0,4,3,0,0,0,0,0,4,0
5,3,4,0,2,0,5,3,0,4,0,0,5,4,0,2,2,0,0,0,4,5,5,0,0,0,0,0,5,0,0,4,3,0,0,0,0,0,0,0
5,3,4,0,2,0,5,3,0,4,0,0,5,4,0,2,2,0,0,0,4,5,0,0,0,0,0,0,5,0,0,4,3,0,0,0,0,0,0,0
0,4,4,0,2,0,5,3,0,4,5,0,5,4,0,5,0,4,0,0,4,5,0,0,4,0,0,0,0,0,0,4,3,0,0,0,0,0,0,0
0,4,4,0,2,0,5,3,0,4,5,0,0,4,0,5,0,0,0,0,4,5,0,0,4,0,0,0,0,0,0,4,3,0,0,0,0,0,4,0
0,4,4,0,2,0,5,3,0,4,5,0,5,4,0,5,0,0,0,0,4,5,0,0,4,4,0,0,0,0,0,4,3,0,0,0,0,0,0,0
0,4,4,0,2,0,5,3,0,4,5,0,0,4,0,5,0,0,0,0,4,5,0,0,4,4,0,0,0,0,0,4,3,0,0,0,0,0,0,0
0,0,0,0,2,0,5,3,0,4,0,0,0,0,0,5,0,0,0,0,0,5,0,0,0,0,0,0,0,0,0,4,3,0,0,0,0,0,0,0
0,4,4,0,2,0,5,3,0,4,0,0,0,0,0,5,0,4,0,0,4,5,0,0,4,0,0,3,0,0,0,4,3,0,0,0,0,0,0,0
0,4,4,0,2,0,5,3,0,4,0,0,0,0,0,5,0,0,0,0,4,5,0,0,4,0,0,3,0,0,4,4,3,0,0,0,0,0,0,0
0,4,4,0,2,0,5,3,0,4,0,0,0,0,0,5,0,0,0,0,4,5,0,0,0,0,0,0,5,0,0,4,3,0,0,0,0,0,4,0
0,0,4,0,2,0,5,3,0,4,0,0,0,0,0,2,0,4,0,0,4,5,0,0,0,0,0,5,0,0,0,4,3,0,5,0,0,0,0,0
0,0,4,0,2,0,5,3,4,4,0,0,0,0,0,0,0,0,0,5,4,5,0,0,0,0,0,3,0,0,0,4,3,0,0,0,0,0,0,0
